ltr-1_family-50_s_1#CLASSI/LTR/COPIA	Copia-2_DPer-I#CLASSI/LTR/COPIA	100.000	4539	0	0	1	4539	1	4539	0.0	8383
ltr-1_family-50_s_1#CLASSI/LTR/COPIA	Copia-2_DPer-I_2#CLASSI/LTR/COPIA	100.000	740	0	0	3800	4539	1	740	0.0	1367
ltr-1_family-50_s_2#CLASSI/LTR/COPIA	Copia-2_DPer-I_2#CLASSI/LTR/COPIA	100.000	766	0	0	1	766	1	766	0.0	1415
ltr-1_family-50_s_2#CLASSI/LTR/COPIA	Copia-2_DPer-I#CLASSI/LTR/COPIA	100.000	740	0	0	1	740	3800	4539	0.0	1367
ltr-1_family-74_s_1#CLASSI/LTR	BEL-3_DPer-I#CLASSI/LTR	100.000	6285	0	0	1	6285	1	6285	0.0	11607
ltr-1_family-74_s_1#CLASSI/LTR	BEL-3_DPer-I_duplicate1#CLASSI/LTR	97.943	389	6	2	5898	6285	18	405	0.0	673
ltr-1_family-74_s_1#CLASSI/LTR	BEL-3_DPer-I_2#CLASSI/LTR	93.299	388	22	4	5900	6285	1	386	7.87e-163	569
rnd-1_family-41#CLASSI/LINE	LOA-1_DPer#CLASSI/LINE	100.000	5513	0	0	1	5513	1	5513	0.0	10181
rnd-1_family-41#CLASSI/LINE	LOA-1_DPer_duplicate1#CLASSI/LINE/R1	97.376	2744	60	10	1202	3942	1	2735	0.0	4658
rnd-1_family-39_s_1_s_2#CLASSI/LTR	BEL-3_DYa-I#CLASSI/LTR	100.000	5859	0	0	1	5859	1	5859	0.0	10820
rnd-1_family-39_s_1_s_2#CLASSI/LTR	D.tristis_nanopore_D2_BELPAO_2--newFamily#CLASSI/LTR/BELPAO	80.208	5376	969	67	468	5806	1688	7005	0.0	3945
rnd-1_family-322_s_3_s_1#CLASSI/LINE	Loa-1_DK#CLASSI/LINE	100.000	5393	0	0	1	5393	1	5393	0.0	9960
rnd-1_family-591_s_1#CLASSI/LTR	BEL-2_DPer-I#CLASSI/LTR/BELPAO	100.000	2609	0	0	1	2609	1	2609	0.0	4819
rnd-4_family-32#CLASSI/LINE/CR1	CR1-1_DPer#CLASSI/LINE/CR1	100.000	4543	0	0	1	4543	1	4543	0.0	8390
rnd-4_family-32#CLASSI/LINE/CR1	D.tristis_nanopore_D2_CR1_5--newFamily#CLASSI/LINE/CR1	93.788	821	34	6	2183	3002	1081	277	0.0	1218
rnd-5_family-1664#CLASSII/TIR	Mariner-5_DAn#CLASSII/TIR	100.000	1622	0	0	1	1622	1	1622	0.0	2996
rnd-5_family-9076#CLASSII/HELITRON	Helitron-1_DPe#CLASSII/HELITRON	100.000	6890	0	0	1	6890	1	6890	0.0	12724
rnd-5_family-9076#CLASSII/HELITRON	D.tristis_nanopore_D2_HELITRON_10--newFamily#CLASSII/HELITRON	89.734	1315	104	20	1162	2461	1540	2838	0.0	1652
rnd-5_family-14123#CLASSII/TIR	Mariner-25_DF#CLASSII/TIR/TC1MARINER	100.000	1544	0	0	1	1544	1	1544	0.0	2852
rnd-5_family-7960#CLASSII/TIR	Mariner-9_DK#CLASSII/TIR/TC1MARINER	100.000	1773	0	0	1	1773	1	1773	0.0	3275
rnd-5_family-1665_s_1#CLASSI/LINE/L2	Kiri-2_DPer#CLASSI/LINE/L2	100.000	1217	0	0	1	1217	1	1217	0.0	2248
ltr-1_family-13#CLASSI/LTR/GYPSY	D.tristis_nanopore_D2_GYPSY_1--newFamily#CLASSI/LTR/GYPSY	100.000	5376	0	0	1	5376	1	5376	0.0	9928
ltr-1_family-129_s_1#CLASSI/LTR	D.tristis_nanopore_D2_GYPSY_2--newFamily#CLASSI/LTR/GYPSY	100.000	7692	0	0	1	7692	1	7692	0.0	14205
ltr-1_family-15_s_1_s_1_s_1#CLASSI/LTR	D.tristis_nanopore_D2_BELPAO_2--newFamily#CLASSI/LTR/BELPAO	100.000	7150	0	0	1	7150	1	7150	0.0	13204
ltr-1_family-15_s_1_s_1_s_1#CLASSI/LTR	BEL-3_DYa-I#CLASSI/LTR	80.212	5377	967	70	1688	7005	468	5806	0.0	3945
ltr-1_family-163_s_1#CLASSI/LTR	D.tristis_nanopore_D2_COPIA_3--newFamily#CLASSI/LTR/COPIA	100.000	5427	0	0	1	5427	1	5427	0.0	10022
ltr-1_family-20#CLASSI/LTR/GYPSY	D.tristis_nanopore_D2_GYPSY_3--newFamily#CLASSI/LTR/GYPSY	100.000	6741	0	0	1	6741	1	6741	0.0	12449
ltr-1_family-3_s_1#CLASSI/LTR	D.tristis_nanopore_D2_GYPSY_4--newFamily#CLASSI/LTR/GYPSY	100.000	4784	0	0	1	4784	1	4784	0.0	8835
ltr-1_family-31#CLASSI/LTR	D.tristis_nanopore_D2_HELITRON_7--newFamily#CLASSII/HELITRON	87.701	374	32	7	594	965	4853	4492	5.50e-119	424
ltr-1_family-31#CLASSI/LTR	D.tristis_nanopore_D2_BELPAO_14--newFamily#CLASSI/LTR/BELPAO	74.819	552	132	6	3769	4317	3437	3984	1.65e-64	243
ltr-1_family-32_s_2#CLASSI/LTR	D.tristis_nanopore_D2_GYPSY_5--newFamily#CLASSI/LTR/GYPSY	100.000	7022	0	0	1	7022	1	7022	0.0	12968
ltr-1_family-34#CLASSI/LTR	D.tristis_nanopore_D2_BELPAO_3--newFamily#CLASSI/LTR/BELPAO	100.000	6692	0	0	1	6692	1	6692	0.0	12358
ltr-1_family-34#CLASSI/LTR	D.tristis_nanopore_D2_BELPAO_4--newFamily#CLASSI/LTR/BELPAO	99.413	5962	26	7	1	5953	1066	7027	0.0	10807
ltr-1_family-35#CLASSI/LTR	D.tristis_nanopore_D2_BELPAO_4--newFamily#CLASSI/LTR/BELPAO	100.000	7027	0	0	1	7027	1	7027	0.0	12977
ltr-1_family-35#CLASSI/LTR	D.tristis_nanopore_D2_BELPAO_3--newFamily#CLASSI/LTR/BELPAO	99.413	5962	26	7	1066	7027	1	5953	0.0	10807
ltr-1_family-37#CLASSI/LTR/COPIA	D.tristis_nanopore_D2_COPIA_4--newFamily#CLASSI/LTR/COPIA	100.000	4510	0	0	1	4510	1	4510	0.0	8329
ltr-1_family-38_s_2#CLASSI/LTR	D.tristis_nanopore_D2_GYPSY_6--newFamily#CLASSI/LTR/GYPSY	100.000	5839	0	0	1	5839	1	5839	0.0	10783
ltr-1_family-41#CLASSI/LTR	D.tristis_nanopore_D2_BELPAO_5--newFamily#CLASSI/LTR/BELPAO	100.000	5951	0	0	1	5951	1	5951	0.0	10990
ltr-1_family-43#CLASSI/LTR	D.tristis_nanopore_D2_BELPAO_6--newFamily#CLASSI/LTR/BELPAO	100.000	8238	0	0	1	8238	1	8238	0.0	15213
ltr-1_family-48#CLASSI/LTR/GYPSY	D.tristis_nanopore_D2_BELPAO_7--newFamily#CLASSI/LTR/BELPAO	100.000	7285	0	0	5101	12385	1	7285	0.0	13346
ltr-1_family-48#CLASSI/LTR/GYPSY	D.tristis_nanopore_D2_GYPSY_3--newFamily#CLASSI/LTR/GYPSY	98.107	1532	19	5	3571	5101	4625	6147	0.0	2660
ltr-1_family-53_s_2_s_1#CLASSI/LTR	D.tristis_nanopore_D2_BELPAO_11--newFamily#CLASSI/LTR/BELPAO	84.553	3457	418	71	1	3426	3	3374	0.0	3319
ltr-1_family-53_s_2_s_1#CLASSI/LTR	D.tristis_nanopore_D2_BELPAO_8--newFamily#CLASSI/LTR/BELPAO	83.789	1425	202	26	455	1861	6116	4703	0.0	1325
ltr-1_family-53_s_2_s_1#CLASSI/LTR	D.tristis_nanopore_D2_HELITRON_7--newFamily#CLASSII/HELITRON	84.404	109	14	3	3318	3425	2369	2263	5.22e-23	104
ltr-1_family-66#CLASSI/LTR	D.tristis_nanopore_D2_BELPAO_8--newFamily#CLASSI/LTR/BELPAO	100.000	6512	0	0	1	6512	1	6512	0.0	12026
ltr-1_family-66#CLASSI/LTR	D.tristis_nanopore_D2_BELPAO_11--newFamily#CLASSI/LTR/BELPAO	84.549	1398	179	31	4733	6116	1799	425	0.0	1351
ltr-1_family-67_s_2#CLASSI/LTR	D.tristis_nanopore_D2_GYPSY_7--newFamily#CLASSI/LTR/GYPSY	100.000	4572	0	0	1	4572	1	4572	0.0	8444
ltr-1_family-76#CLASSI/LTR	D.tristis_nanopore_D2_BELPAO_15--newFamily#CLASSI/LTR/BELPAO	90.510	706	56	10	536	1235	244	944	0.0	922
ltr-1_family-77_s_1#CLASSI/LTR	D.tristis_nanopore_D2_BELPAO_9--newFamily#CLASSI/LTR/BELPAO	100.000	5871	0	0	1	5871	1	5871	0.0	10842
ltr-1_family-9#CLASSI/LTR/GYPSY	D.tristis_nanopore_D2_GYPSY_12--newFamily#CLASSI/LTR/GYPSY	80.640	1281	233	13	1483	2754	1493	2767	0.0	977
ltr-1_family-9#CLASSI/LTR/GYPSY	LOA-1_DPer_duplicate1#CLASSI/LINE/R1	97.122	278	7	1	4252	4528	2723	3000	2.39e-132	468
ltr-1_family-87#CLASSI/LTR	D.tristis_nanopore_D2_BELPAO_10--newFamily#CLASSI/LTR/BELPAO	100.000	6254	0	0	1	6254	1	6254	0.0	11550
ltr-1_family-98#CLASSI/LTR	D.tristis_nanopore_D2_GYPSY_8--newFamily#CLASSI/LTR/GYPSY	100.000	5204	0	0	1	5204	1	5204	0.0	9611
rnd-1_family-124_s_1_s_1_s_1#CLASSI/LTR	D.tristis_nanopore_D2_BELPAO_11--newFamily#CLASSI/LTR/BELPAO	100.000	3408	0	0	1	3408	1	3408	0.0	6294
rnd-1_family-124_s_1_s_1_s_1#CLASSI/LTR	D.tristis_nanopore_D2_BELPAO_8--newFamily#CLASSI/LTR/BELPAO	84.371	1414	182	34	425	1814	6116	4718	0.0	1351
rnd-1_family-124_s_1_s_1_s_1#CLASSI/LTR	D.tristis_nanopore_D2_HELITRON_7--newFamily#CLASSII/HELITRON	85.321	109	13	3	3266	3373	2369	2263	1.12e-24	110
rnd-1_family-135#CLASSII/HELITRON	D.tristis_nanopore_D2_HELITRON_2--newFamily#CLASSII/HELITRON	100.000	2193	0	0	1	2193	1	2193	0.0	4050
rnd-1_family-135#CLASSII/HELITRON	D.tristis_nanopore_D2_HELITRON_3--newFamily#CLASSII/HELITRON	99.190	1851	10	2	344	2193	3078	1232	0.0	3330
rnd-1_family-135#CLASSII/HELITRON	D.tristis_nanopore_D2_HELITRON_4--newFamily#CLASSII/HELITRON	96.395	1831	34	7	365	2193	1	1801	0.0	2987
rnd-1_family-135#CLASSII/HELITRON	D.tristis_nanopore_D2_HELITRON_6--newFamily#CLASSII/HELITRON	99.376	641	3	1	1554	2193	1	641	0.0	1160
rnd-1_family-135#CLASSII/HELITRON	D.tristis_nanopore_D2_HELITRON_9--newFamily#CLASSII/HELITRON	96.484	512	8	4	1683	2193	120	622	0.0	837
rnd-1_family-116#CLASSI/LTR/GYPSY	D.tristis_nanopore_D2_GYPSY_9--newFamily#CLASSI/LTR/GYPSY	100.000	7291	0	0	1	7291	1	7291	0.0	13465
rnd-1_family-116#CLASSI/LTR/GYPSY	D.tristis_nanopore_D2_HELITRON_7--newFamily#CLASSII/HELITRON	94.158	736	24	4	1	719	6293	5560	0.0	1103
rnd-1_family-9#CLASSII/TIR	FBte0000823_2#CLASSII/TIR	96.350	411	12	3	1045	1453	475	66	0.0	673
rnd-1_family-9#CLASSII/TIR	D.tristis_nanopore_D2_HELITRON_13--newFamily#CLASSII/HELITRON	96.000	400	14	2	1055	1453	1614	1216	0.0	649
rnd-1_family-9#CLASSII/TIR	D.tristis_nanopore_D2_HELITRON_11--newFamily#CLASSII/HELITRON	95.567	406	15	2	1050	1453	1705	1301	0.0	649
rnd-1_family-9#CLASSII/TIR	FBte0000823#CLASSII/MITE	95.238	399	15	3	1057	1453	765	369	0.0	632
rnd-1_family-9#CLASSII/TIR	D.tristis_nanopore_D2_LARD_1--newFamily#CLASSI/LTR/LARD	94.089	406	22	2	1047	1450	2792	3197	8.04e-177	616
rnd-1_family-9#CLASSII/TIR	D.tristis_nanopore_D2_COPIA_4--newFamily#CLASSI/LTR/COPIA	98.810	336	2	2	4095	4428	4510	4175	2.91e-171	597
rnd-1_family-9#CLASSII/TIR	FBte0000823_3#CLASSI/LTR	93.000	400	17	6	1055	1453	480	91	4.91e-164	573
rnd-1_family-9#CLASSII/TIR	D.tristis_nanopore_D2_LARD_2--newFamily#CLASSI/LTR/LARD	91.176	408	31	2	1050	1453	785	379	8.27e-157	549
rnd-1_family-9#CLASSII/TIR	D.tristis_nanopore_D2_HELITRON_8--newFamily#CLASSII/HELITRON	89.655	406	28	4	1055	1448	1632	1229	1.82e-143	505
rnd-1_family-9#CLASSII/TIR	D.tristis_nanopore_D2_TRIM_1--newFamily#CLASSI/LTR/TRIM	82.587	201	30	2	1250	1449	2774	2970	2.09e-43	172
rnd-1_family-9#CLASSII/TIR	D.tristis_nanopore_D2_HELITRON_7--newFamily#CLASSII/HELITRON	96.667	60	2	0	4680	4739	1302	1243	1.00e-21	100
rnd-1_family-111_s_1_s_2#CLASSI/LTR	D.tristis_nanopore_D2_BELPAO_12--newFamily#CLASSI/LTR/BELPAO	100.000	7472	0	0	1	7472	1	7472	0.0	13799
rnd-1_family-111_s_1_s_2#CLASSI/LTR	D.tristis_nanopore_D2_BELPAO_14--newFamily#CLASSI/LTR/BELPAO	78.603	5052	992	75	2088	7090	2354	7365	0.0	3258
rnd-1_family-38#CLASSI/LINE	D.tristis_nanopore_D2_LOA_1--newFamily#CLASSI/LINE/LOA	100.000	5381	0	0	1	5381	1	5381	0.0	9937
rnd-1_family-70#CLASSI/LTR/GYPSY	D.tristis_nanopore_D2_GYPSY_12--newFamily#CLASSI/LTR/GYPSY	85.269	2118	263	22	2957	5055	1501	3588	0.0	2137
rnd-1_family-70#CLASSI/LTR/GYPSY	CR1-1_DPer#CLASSI/LINE/CR1	89.382	631	45	7	5823	6439	2760	3382	0.0	774
rnd-1_family-70#CLASSI/LTR/GYPSY	D.tristis_nanopore_D2_CR1_5--newFamily#CLASSI/LINE/CR1	85.633	529	46	12	307	834	520	21	1.78e-150	529
rnd-1_family-133#CLASSII/MITE	D.tristis_nanopore_D2_MITE_2--newFamily#CLASSII/MITE	100.000	1033	0	0	1	1033	1	1033	0.0	1908
rnd-1_family-133#CLASSII/MITE	D.tristis_nanopore_D2_MITE_18--newFamily#CLASSII/MITE	92.843	1034	15	14	2	1033	978	2	0.0	1445
rnd-1_family-133#CLASSII/MITE	D.tristis_nanopore_D2_MITE_19--newFamily#CLASSII/MITE	93.603	594	9	6	1	586	948	376	0.0	859
rnd-1_family-145#CLASSII/HELITRON	D.tristis_nanopore_D2_HELITRON_3--newFamily#CLASSII/HELITRON	100.000	3472	0	0	1	3472	1	3472	0.0	6412
rnd-1_family-145#CLASSII/HELITRON	D.tristis_nanopore_D2_HELITRON_4--newFamily#CLASSII/HELITRON	96.720	2561	50	6	501	3057	2531	1	0.0	4233
rnd-1_family-145#CLASSII/HELITRON	D.tristis_nanopore_D2_HELITRON_2--newFamily#CLASSII/HELITRON	99.190	1851	10	2	1232	3078	2193	344	0.0	3330
rnd-1_family-145#CLASSII/HELITRON	D.tristis_nanopore_D2_HELITRON_9--newFamily#CLASSII/HELITRON	96.845	1743	25	7	1	1743	1832	120	0.0	2887
rnd-1_family-145#CLASSII/HELITRON	D.tristis_nanopore_D2_HELITRON_6--newFamily#CLASSII/HELITRON	99.052	1372	9	1	501	1868	1372	1	0.0	2459
rnd-1_family-145#CLASSII/HELITRON	D.tristis_nanopore_D2_HELITRON_7--newFamily#CLASSII/HELITRON	98.046	307	6	0	501	807	703	1009	1.58e-152	534
rnd-1_family-48#CLASSI/LINE/R1	D.tristis_nanopore_D2_R1_2--newFamily#CLASSI/LINE/R1	90.645	791	74	0	4339	5129	3520	4310	0.0	1051
rnd-1_family-48#CLASSI/LINE/R1	D.tristis_nanopore_D2_BELPAO_15--newFamily#CLASSI/LTR/BELPAO	83.646	373	52	5	2878	3245	2726	3094	2.85e-94	342
rnd-1_family-48#CLASSI/LINE/R1	D.tristis_nanopore_D2_BELPAO_11--newFamily#CLASSI/LTR/BELPAO	88.014	292	14	11	5157	5446	454	182	2.87e-89	326
rnd-1_family-48#CLASSI/LINE/R1	D.tristis_nanopore_D2_BELPAO_8--newFamily#CLASSI/LTR/BELPAO	93.182	44	2	1	5554	5597	399	441	2.49e-10	63.9
rnd-1_family-104#CLASSII/MITE	D.tristis_nanopore_D2_MITE_3--newFamily#CLASSII/MITE	100.000	1165	0	0	1	1165	1	1165	0.0	2152
rnd-1_family-78#CLASSI/LTR/GYPSY	D.tristis_nanopore_D2_GYPSY_12--newFamily#CLASSI/LTR/GYPSY	85.269	2118	263	22	6357	8455	3588	1501	0.0	2137
rnd-1_family-78#CLASSI/LTR/GYPSY	CR1-1_DPer#CLASSI/LINE/CR1	89.382	631	45	7	4973	5589	3382	2760	0.0	774
rnd-1_family-78#CLASSI/LTR/GYPSY	D.tristis_nanopore_D2_CR1_5--newFamily#CLASSI/LINE/CR1	85.633	529	46	12	10578	11105	21	520	2.37e-150	529
rnd-1_family-42#CLASSI/LTR	D.tristis_nanopore_D2_BELPAO_13--newFamily#CLASSI/LTR/BELPAO	100.000	7399	0	0	1	7399	1	7399	0.0	13664
rnd-1_family-42#CLASSI/LTR	D.tristis_nanopore_D2_BELPAO_17--newFamily#CLASSI/LTR/BELPAO	97.413	2861	50	3	2168	5027	2192	5029	0.0	4855
rnd-1_family-149#CLASSI/LTR	D.tristis_nanopore_D2_R1_2--newFamily#CLASSI/LINE/R1	90.645	791	74	0	1995	2785	3520	4310	0.0	1051
rnd-1_family-149#CLASSI/LTR	D.tristis_nanopore_D2_BELPAO_15--newFamily#CLASSI/LTR/BELPAO	83.646	373	52	5	531	898	2726	3094	2.30e-94	342
rnd-1_family-149#CLASSI/LTR	D.tristis_nanopore_D2_BELPAO_11--newFamily#CLASSI/LTR/BELPAO	88.014	292	14	11	2813	3102	454	182	2.32e-89	326
rnd-1_family-149#CLASSI/LTR	D.tristis_nanopore_D2_BELPAO_8--newFamily#CLASSI/LTR/BELPAO	97.368	38	1	0	3231	3268	404	441	5.58e-11	65.8
rnd-1_family-154#CLASSI/LTR/GYPSY	D.tristis_nanopore_D2_LARD_1--newFamily#CLASSI/LTR/LARD	93.836	146	9	0	2451	2596	902	757	5.68e-58	220
rnd-1_family-154#CLASSI/LTR/GYPSY	D.tristis_nanopore_D2_MITE_15--newFamily#CLASSII/MITE	79.167	360	28	22	974	1300	346	1	1.59e-53	206
rnd-1_family-155#CLASSII/MITE	D.tristis_nanopore_D2_MITE_4--newFamily#CLASSII/MITE	100.000	1655	0	0	1	1655	1	1655	0.0	3057
rnd-1_family-161#CLASSI/LTR	D.tristis_nanopore_D2_BELPAO_14--newFamily#CLASSI/LTR/BELPAO	100.000	8984	0	0	1	8984	1	8984	0.0	16591
rnd-1_family-161#CLASSI/LTR	D.tristis_nanopore_D2_BELPAO_12--newFamily#CLASSI/LTR/BELPAO	78.590	5049	998	70	2354	7365	2088	7090	0.0	3258
rnd-1_family-177#CLASSI/LINE/L2	D.tristis_nanopore_D2_L2_2--newFamily#CLASSI/LINE/L2	100.000	4544	0	0	1	4544	1	4544	0.0	8392
rnd-1_family-188#CLASSI/LINE/R1	D.tristis_nanopore_D2_R1_1--newFamily#CLASSI/LINE/R1	100.000	2912	0	0	1	2912	1	2912	0.0	5378
rnd-1_family-186#CLASSI/LTR	D.tristis_nanopore_D2_BELPAO_6--newFamily#CLASSI/LTR/BELPAO	79.446	1299	257	5	1733	3023	5224	6520	0.0	911
rnd-1_family-203#CLASSI/LINE/R1	D.tristis_nanopore_D2_R1_2--newFamily#CLASSI/LINE/R1	100.000	4397	0	0	1	4397	1	4397	0.0	8120
rnd-1_family-209#CLASSI/LTR	D.tristis_nanopore_D2_HELITRON_13--newFamily#CLASSII/HELITRON	86.447	273	32	3	1223	1490	498	770	4.66e-80	294
rnd-1_family-209#CLASSI/LTR	FBte0000823#CLASSII/MITE	86.347	271	29	5	1223	1485	271	1	2.17e-78	289
rnd-1_family-209#CLASSI/LTR	D.tristis_nanopore_D2_HELITRON_11--newFamily#CLASSII/HELITRON	85.409	281	29	6	1223	1491	1204	924	3.62e-76	281
rnd-1_family-209#CLASSI/LTR	D.tristis_nanopore_D2_HELITRON_8--newFamily#CLASSII/HELITRON	89.238	223	19	3	1273	1490	1099	877	6.07e-74	274
rnd-1_family-209#CLASSI/LTR	D.tristis_nanopore_D2_LARD_2--newFamily#CLASSI/LTR/LARD	82.175	331	45	8	1173	1490	2066	1737	2.18e-73	272
rnd-1_family-209#CLASSI/LTR	D.tristis_nanopore_D2_LARD_1--newFamily#CLASSI/LTR/LARD	85.156	256	34	3	1229	1484	3308	3559	1.70e-69	259
rnd-1_family-209#CLASSI/LTR	D.tristis_nanopore_D2_MITE_4--newFamily#CLASSII/MITE	92.000	175	9	1	1811	1980	1	175	6.15e-64	241
rnd-1_family-209#CLASSI/LTR	D.tristis_nanopore_D2_LARD_3--newFamily#CLASSI/LTR/LARD	92.701	137	8	2	1354	1490	1838	1704	1.35e-50	196
rnd-1_family-209#CLASSI/LTR	D.tristis_nanopore_D2_TRIM_1--newFamily#CLASSI/LTR/TRIM	83.645	214	26	5	1249	1462	3004	3208	1.75e-49	193
rnd-1_family-215#CLASSI/LTR/GYPSY	D.tristis_nanopore_D2_GYPSY_10--newFamily#CLASSI/LTR/GYPSY	100.000	5127	0	0	1	5127	1	5127	0.0	9468
rnd-1_family-255#CLASSII/MITE	D.tristis_nanopore_D2_MITE_5--newFamily#CLASSII/MITE	100.000	1774	0	0	1	1774	1	1774	0.0	3277
rnd-1_family-255#CLASSII/MITE	D.tristis_nanopore_D2_MITE_6--newFamily#CLASSII/MITE	100.000	37	0	0	1738	1774	37	1	9.80e-13	69.4
rnd-1_family-261_s_1#CLASSII/MITE	D.tristis_nanopore_D2_LARD_1--newFamily#CLASSI/LTR/LARD	100.000	3559	0	0	550	4108	1	3559	0.0	6573
rnd-1_family-261_s_1#CLASSII/MITE	FBte0000823#CLASSII/MITE	91.399	779	31	10	3353	4109	765	1	0.0	1038
rnd-1_family-261_s_1#CLASSII/MITE	D.tristis_nanopore_D2_HELITRON_13--newFamily#CLASSII/HELITRON	90.641	780	40	7	3350	4110	1	766	0.0	1009
rnd-1_family-261_s_1#CLASSII/MITE	D.tristis_nanopore_D2_HELITRON_11--newFamily#CLASSII/HELITRON	89.427	785	44	13	3352	4110	1700	929	0.0	957
rnd-1_family-261_s_1#CLASSII/MITE	D.tristis_nanopore_D2_HELITRON_8--newFamily#CLASSII/HELITRON	86.556	781	56	23	3350	4110	1633	882	0.0	815
rnd-1_family-261_s_1#CLASSII/MITE	D.tristis_nanopore_D2_LARD_2--newFamily#CLASSI/LTR/LARD	86.111	792	64	11	3351	4110	780	3	0.0	811
rnd-1_family-261_s_1#CLASSII/MITE	FBte0000823_2#CLASSII/TIR	91.942	484	24	3	3346	3827	471	1	0.0	664
rnd-1_family-261_s_1#CLASSII/MITE	FBte0000823_3#CLASSI/LTR	89.271	494	28	12	3351	3843	480	11	8.47e-171	595
rnd-1_family-261_s_1#CLASSII/MITE	D.tristis_nanopore_D2_HELITRON_7--newFamily#CLASSII/HELITRON	86.190	210	21	5	890	1098	1236	1034	5.96e-58	220
rnd-1_family-261_s_1#CLASSII/MITE	D.tristis_nanopore_D2_LARD_3--newFamily#CLASSI/LTR/LARD	94.203	138	6	2	1174	1311	1838	1703	1.29e-54	209
rnd-1_family-261_s_1#CLASSII/MITE	D.tristis_nanopore_D2_TRIM_1--newFamily#CLASSI/LTR/TRIM	96.610	59	2	0	1	59	3150	3208	2.91e-21	99.0
rnd-1_family-284#CLASSII/MITE	D.tristis_nanopore_D2_MITE_6--newFamily#CLASSII/MITE	100.000	1373	0	0	1	1373	1	1373	0.0	2536
rnd-1_family-284#CLASSII/MITE	D.tristis_nanopore_D2_MITE_5--newFamily#CLASSII/MITE	100.000	37	0	0	1	37	1774	1738	7.56e-13	69.4
rnd-1_family-314#CLASSI/LINE/R1	D.tristis_nanopore_D2_R1_3--newFamily#CLASSI/LINE/R1	100.000	4901	0	0	801	5701	1	4901	0.0	9051
rnd-1_family-314#CLASSI/LINE/R1	D.tristis_nanopore_D2_R1_7--newFamily#CLASSI/LINE/R1	91.675	4805	400	0	881	5685	4805	1	0.0	6658
rnd-1_family-329#CLASSI/LINE/R1	D.tristis_nanopore_D2_R1_1--newFamily#CLASSI/LINE/R1	98.674	905	7	5	284	1188	1	900	0.0	1600
rnd-1_family-324#CLASSI/LINE/R1	D.tristis_nanopore_D2_R1_4--newFamily#CLASSI/LINE/R1	100.000	3116	0	0	1	3116	1	3116	0.0	5755
rnd-1_family-324#CLASSI/LINE/R1	D.tristis_nanopore_D2_R1_5--newFamily#CLASSI/LINE/R1	98.873	1775	18	2	1343	3116	309	2082	0.0	3166
rnd-1_family-378#CLASSII/MITE	D.tristis_nanopore_D2_MITE_7--newFamily#CLASSII/MITE	100.000	1371	0	0	1	1371	1	1371	0.0	2532
rnd-1_family-409#CLASSI/LTR	D.tristis_nanopore_D2_BELPAO_15--newFamily#CLASSI/LTR/BELPAO	100.000	6551	0	0	1	6551	1	6551	0.0	12098
rnd-1_family-412_s_0#CLASSI/LINE	D.tristis_nanopore_D2_JOCKEY_1--newFamily#CLASSI/LINE/JOCKEY	91.624	979	68	5	1	965	1845	2823	0.0	1341
rnd-1_family-437#CLASSI/LINE/CR1	D.tristis_nanopore_D2_CR1_2--newFamily#CLASSI/LINE/CR1	100.000	4470	0	0	1	4470	1	4470	0.0	8255
rnd-1_family-563#CLASSI/LINE/CR1	D.tristis_nanopore_D2_CR1_3--newFamily#CLASSI/LINE/CR1	100.000	3817	0	0	1	3817	1	3817	0.0	7049
rnd-1_family-576#CLASSI/LINE/R1	D.tristis_nanopore_D2_R1_5--newFamily#CLASSI/LINE/R1	100.000	2892	0	0	1	2892	1	2892	0.0	5341
rnd-1_family-576#CLASSI/LINE/R1	D.tristis_nanopore_D2_R1_4--newFamily#CLASSI/LINE/R1	98.873	1775	18	2	309	2082	1343	3116	0.0	3166
rnd-1_family-535#CLASSI/LTR	D.tristis_nanopore_D2_BELPAO_16--newFamily#CLASSI/LTR/BELPAO	100.000	6555	0	0	1	6555	1	6555	0.0	12105
rnd-4_family-645#CLASSI/LINE/CR1	D.tristis_nanopore_D2_CR1_4--newFamily#CLASSI/LINE/CR1	100.000	4305	0	0	1	4305	1	4305	0.0	7950
rnd-4_family-645#CLASSI/LINE/CR1	D.tristis_nanopore_D2_LARD_3--newFamily#CLASSI/LTR/LARD	98.630	73	1	0	4229	4301	1591	1663	1.08e-30	130
rnd-4_family-691_s_1#CLASSII/HELITRON	D.tristis_nanopore_D2_HELITRON_4--newFamily#CLASSII/HELITRON	100.000	4547	0	0	1	4547	1	4547	0.0	8397
rnd-4_family-691_s_1#CLASSII/HELITRON	D.tristis_nanopore_D2_HELITRON_6--newFamily#CLASSII/HELITRON	97.518	3424	31	8	1178	4547	1	3424	0.0	5803
rnd-4_family-691_s_1#CLASSII/HELITRON	D.tristis_nanopore_D2_HELITRON_3--newFamily#CLASSII/HELITRON	96.720	2561	50	6	1	2531	3057	501	0.0	4233
rnd-4_family-691_s_1#CLASSII/HELITRON	D.tristis_nanopore_D2_HELITRON_2--newFamily#CLASSII/HELITRON	96.393	1830	36	5	1	1801	365	2193	0.0	2987
rnd-4_family-691_s_1#CLASSII/HELITRON	D.tristis_nanopore_D2_HELITRON_9--newFamily#CLASSII/HELITRON	95.897	1243	22	7	1307	2531	120	1351	0.0	1986
rnd-4_family-691_s_1#CLASSII/HELITRON	D.tristis_nanopore_D2_HELITRON_7--newFamily#CLASSII/HELITRON	97.083	617	15	3	2226	2840	1009	394	0.0	1037
rnd-4_family-281#CLASSI/LTR	D.tristis_nanopore_D2_BELPAO_17--newFamily#CLASSI/LTR/BELPAO	100.000	8449	0	0	1	8449	1	8449	0.0	15562
rnd-4_family-281#CLASSI/LTR	D.tristis_nanopore_D2_BELPAO_13--newFamily#CLASSI/LTR/BELPAO	97.413	2861	50	3	2192	5029	2168	5027	0.0	4855
rnd-5_family-1256#CLASSI/LINE	D.tristis_nanopore_D2_JOCKEY_1--newFamily#CLASSI/LINE/JOCKEY	100.000	4662	0	0	1	4662	1	4662	0.0	8610
rnd-5_family-7909#CLASSII/MITE	D.tristis_nanopore_D2_MITE_8--newFamily#CLASSII/MITE	100.000	1685	0	0	1	1685	1	1685	0.0	3112
rnd-5_family-2422_s_1#CLASSII/HELITRON	D.tristis_nanopore_D2_HELITRON_5--newFamily#CLASSII/HELITRON	100.000	2471	0	0	1	2471	1	2471	0.0	4564
rnd-5_family-2422_s_1#CLASSII/HELITRON	D.tristis_nanopore_D2_HELITRON_15--newFamily#CLASSII/HELITRON	93.690	840	16	5	4	838	1376	2183	0.0	1223
rnd-5_family-3427#CLASSII/TIR	D.tristis_nanopore_D2_MITE_9--newFamily#CLASSII/MITE	100.000	1726	0	0	1	1726	1	1726	0.0	3188
rnd-5_family-10371#CLASSII/MITE	D.tristis_nanopore_D2_MITE_10--newFamily#CLASSII/MITE	100.000	957	0	0	1	957	1	957	0.0	1768
rnd-5_family-2241#CLASSI/LINE	D.tristis_nanopore_D2_JOCKEY_2--newFamily#CLASSI/LINE/JOCKEY	100.000	4614	0	0	1	4614	1	4614	0.0	8521
rnd-5_family-9724#CLASSII/MITE	D.tristis_nanopore_D2_MITE_11--newFamily#CLASSII/MITE	100.000	1604	0	0	1	1604	1	1604	0.0	2963
rnd-5_family-2979#CLASSII/MITE	D.tristis_nanopore_D2_MITE_12--newFamily#CLASSII/MITE	100.000	1105	0	0	1	1105	1	1105	0.0	2041
rnd-5_family-3137#CLASSII/MITE	D.tristis_nanopore_D2_MITE_13--newFamily#CLASSII/MITE	100.000	544	0	0	1	544	1	544	0.0	1005
rnd-5_family-2766#CLASSII/HELITRON	D.tristis_nanopore_D2_HELITRON_6--newFamily#CLASSII/HELITRON	100.000	3508	0	0	1	3508	1	3508	0.0	6479
rnd-5_family-2766#CLASSII/HELITRON	D.tristis_nanopore_D2_HELITRON_4--newFamily#CLASSII/HELITRON	97.518	3424	31	8	1	3424	1178	4547	0.0	5803
rnd-5_family-2766#CLASSII/HELITRON	D.tristis_nanopore_D2_HELITRON_3--newFamily#CLASSII/HELITRON	99.052	1372	9	1	1	1372	1868	501	0.0	2459
rnd-5_family-2766#CLASSII/HELITRON	D.tristis_nanopore_D2_HELITRON_9--newFamily#CLASSII/HELITRON	97.908	1243	15	5	130	1372	120	1351	0.0	2141
rnd-5_family-2766#CLASSII/HELITRON	D.tristis_nanopore_D2_HELITRON_2--newFamily#CLASSII/HELITRON	99.376	641	3	1	1	641	1554	2193	0.0	1160
rnd-5_family-2766#CLASSII/HELITRON	D.tristis_nanopore_D2_HELITRON_7--newFamily#CLASSII/HELITRON	97.731	617	12	2	1066	1681	1009	394	0.0	1061
rnd-5_family-5664#CLASSII/TIR	D.tristis_nanopore_D2_TC1MARINER_3--newFamily#CLASSII/TIR/TC1MARINER	100.000	1558	0	0	1	1558	1	1558	0.0	2878
rnd-5_family-1880#CLASSI/LINE/R1	D.tristis_nanopore_D2_R1_6--newFamily#CLASSI/LINE/R1	100.000	3626	0	0	1	3626	1	3626	0.0	6697
rnd-5_family-3728#CLASSII/TIR	D.tristis_nanopore_D2_TC1MARINER_4--newFamily#CLASSII/TIR/TC1MARINER	100.000	1608	0	0	1	1608	1	1608	0.0	2918
rnd-5_family-11052#CLASSI/LINE/R1	D.tristis_nanopore_D2_R1_6--newFamily#CLASSI/LINE/R1	76.201	2248	464	53	617	2815	80	2305	0.0	1122
rnd-5_family-17007#CLASSII/MITE	D.tristis_nanopore_D2_MITE_14--newFamily#CLASSII/MITE	100.000	1635	0	0	1	1635	1	1635	0.0	3020
rnd-5_family-6361#CLASSI/LINE/R1	D.tristis_nanopore_D2_R1_7--newFamily#CLASSI/LINE/R1	100.000	4805	0	0	1	4805	1	4805	0.0	8874
rnd-5_family-6361#CLASSI/LINE/R1	D.tristis_nanopore_D2_R1_3--newFamily#CLASSI/LINE/R1	91.812	4885	400	0	1	4885	4885	1	0.0	6806
rnd-5_family-82#CLASSI/LTR/GYPSY	D.tristis_nanopore_D2_GYPSY_11--newFamily#CLASSI/LTR/GYPSY	100.000	7997	0	0	1	7997	1	7997	0.0	14768
rnd-6_family-1735#CLASSI/LINE	D.tristis_nanopore_D2_JOCKEY_3--newFamily#CLASSI/LINE/JOCKEY	100.000	6154	0	0	3300	9453	1	6154	0.0	11365
rnd-6_family-1735#CLASSI/LINE	D.tristis_nanopore_D2_HELITRON_12--newFamily#CLASSII/HELITRON	88.991	218	19	2	1253	1470	763	551	4.84e-72	268
rnd-6_family-1735#CLASSI/LINE	D.tristis_nanopore_D2_TRIM_1--newFamily#CLASSI/LTR/TRIM	76.033	363	69	13	387	743	5286	4936	3.90e-43	172
rnd-6_family-1735#CLASSI/LINE	D.tristis_nanopore_D2_MITE_3--newFamily#CLASSII/MITE	95.918	98	4	0	353	450	425	522	3.04e-39	159
rnd-6_family-1735#CLASSI/LINE	D.tristis_nanopore_D2_HELITRON_11--newFamily#CLASSII/HELITRON	72.046	347	79	13	530	869	1806	2141	3.10e-24	110
rnd-6_family-373#CLASSI/LINE/CR1	FBte0000823#CLASSII/MITE	100.000	765	0	0	43	807	1	765	0.0	1399
rnd-6_family-373#CLASSI/LINE/CR1	D.tristis_nanopore_D2_HELITRON_13--newFamily#CLASSII/HELITRON	94.508	783	24	6	41	808	835	1613	0.0	1194
rnd-6_family-373#CLASSI/LINE/CR1	D.tristis_nanopore_D2_HELITRON_11--newFamily#CLASSII/HELITRON	94.201	776	34	7	41	808	928	1700	0.0	1184
rnd-6_family-373#CLASSI/LINE/CR1	D.tristis_nanopore_D2_LARD_1--newFamily#CLASSI/LTR/LARD	91.399	779	31	10	44	808	3559	2803	0.0	1038
rnd-6_family-373#CLASSI/LINE/CR1	D.tristis_nanopore_D2_LARD_2--newFamily#CLASSI/LTR/LARD	90.537	782	56	11	41	808	2	779	0.0	1026
rnd-6_family-373#CLASSI/LINE/CR1	D.tristis_nanopore_D2_HELITRON_8--newFamily#CLASSII/HELITRON	88.734	790	42	13	34	808	874	1631	0.0	929
rnd-6_family-373#CLASSI/LINE/CR1	FBte0000823_2#CLASSII/TIR	95.726	468	13	6	345	808	1	465	0.0	750
rnd-6_family-373#CLASSI/LINE/CR1	FBte0000823_3#CLASSI/LTR	91.925	483	22	10	329	808	11	479	0.0	664
rnd-6_family-373#CLASSI/LINE/CR1	CR1-1_DPer#CLASSI/LINE/CR1	96.859	382	11	1	1700	2080	3385	3766	0.0	641
rnd-6_family-373#CLASSI/LINE/CR1	D.tristis_nanopore_D2_CR1_5--newFamily#CLASSI/LINE/CR1	91.529	425	22	7	1276	1699	503	92	1.55e-165	577
rnd-6_family-373#CLASSI/LINE/CR1	D.tristis_nanopore_D2_HELITRON_7--newFamily#CLASSII/HELITRON	86.475	244	26	4	225	468	1005	1241	4.92e-71	263
rnd-6_family-373#CLASSI/LINE/CR1	D.tristis_nanopore_D2_LARD_3--newFamily#CLASSI/LTR/LARD	95.522	134	4	2	41	174	1707	1838	5.02e-56	213
rnd-6_family-373#CLASSI/LINE/CR1	D.tristis_nanopore_D2_TRIM_1--newFamily#CLASSI/LTR/TRIM	83.262	233	22	8	66	298	3208	2993	1.41e-51	198
ltr-1_family-1_s_2_inc#CLASSI/LTR	D.tristis_nanopore_D2_HELITRON_8--newFamily#CLASSII/HELITRON	100.000	83	0	0	408	490	1631	1549	4.11e-38	154
ltr-1_family-1_s_2_inc#CLASSI/LTR	FBte0000823_2#CLASSII/TIR	97.590	83	2	0	408	490	465	383	8.90e-35	143
ltr-1_family-1_s_2_inc#CLASSI/LTR	D.tristis_nanopore_D2_HELITRON_13--newFamily#CLASSII/HELITRON	96.429	84	2	1	408	490	1613	1530	4.14e-33	137
ltr-1_family-1_s_2_inc#CLASSI/LTR	D.tristis_nanopore_D2_HELITRON_11--newFamily#CLASSII/HELITRON	96.386	83	3	0	405	487	1703	1621	4.14e-33	137
ltr-1_family-1_s_2_inc#CLASSI/LTR	D.tristis_nanopore_D2_LARD_2--newFamily#CLASSI/LTR/LARD	96.386	83	3	0	408	490	779	697	4.14e-33	137
ltr-1_family-1_s_2_inc#CLASSI/LTR	FBte0000823_3#CLASSI/LTR	96.386	83	3	0	408	490	479	397	4.14e-33	137
ltr-1_family-1_s_2_inc#CLASSI/LTR	D.tristis_nanopore_D2_LARD_1--newFamily#CLASSI/LTR/LARD	95.349	86	3	1	402	487	2798	2882	1.49e-32	135
ltr-1_family-1_s_2_inc#CLASSI/LTR	FBte0000823#CLASSII/MITE	96.203	79	3	0	409	487	765	687	6.93e-31	130
ltr-1_family-1_s_2_inc#CLASSI/LTR	D.tristis_nanopore_D2_HELITRON_7--newFamily#CLASSII/HELITRON	96.721	61	2	0	408	468	1301	1241	1.51e-22	102
ltr-1_family-12_inc#CLASSI/LTR	D.tristis_nanopore_D2_GYPSY_1--newFamily#CLASSI/LTR/GYPSY	97.119	2742	58	12	458	3184	2641	5376	0.0	4606
ltr-1_family-113_inc#CLASSI/LTR/GYPSY	D.tristis_nanopore_D2_HELITRON_13--newFamily#CLASSII/HELITRON	92.784	776	36	10	4840	5604	1	767	0.0	1109
ltr-1_family-113_inc#CLASSI/LTR/GYPSY	D.tristis_nanopore_D2_HELITRON_11--newFamily#CLASSII/HELITRON	92.269	789	38	13	4832	5604	1709	928	0.0	1101
ltr-1_family-113_inc#CLASSI/LTR/GYPSY	FBte0000823#CLASSII/MITE	91.321	772	48	11	4843	5602	765	1	0.0	1044
ltr-1_family-113_inc#CLASSI/LTR/GYPSY	D.tristis_nanopore_D2_LARD_2--newFamily#CLASSI/LTR/LARD	89.447	796	60	13	4828	5604	792	2	0.0	983
ltr-1_family-113_inc#CLASSI/LTR/GYPSY	D.tristis_nanopore_D2_HELITRON_8--newFamily#CLASSII/HELITRON	87.940	796	50	20	4827	5605	1646	880	0.0	896
ltr-1_family-113_inc#CLASSI/LTR/GYPSY	D.tristis_nanopore_D2_LARD_1--newFamily#CLASSI/LTR/LARD	86.962	790	52	17	4836	5601	2797	3559	0.0	841
ltr-1_family-113_inc#CLASSI/LTR/GYPSY	FBte0000823_2#CLASSII/TIR	92.340	483	24	6	4828	5300	480	1	0.0	675
ltr-1_family-113_inc#CLASSI/LTR/GYPSY	FBte0000823_3#CLASSI/LTR	90.188	479	35	7	4841	5316	480	11	4.25e-176	614
ltr-1_family-113_inc#CLASSI/LTR/GYPSY	D.tristis_nanopore_D2_LARD_3--newFamily#CLASSI/LTR/LARD	94.161	137	6	2	25	161	1838	1704	8.44e-54	207
ltr-1_family-113_inc#CLASSI/LTR/GYPSY	CR1-1_DPer#CLASSI/LINE/CR1	95.000	120	2	2	315	430	3890	3771	3.95e-47	185
ltr-1_family-113_inc#CLASSI/LTR/GYPSY	D.tristis_nanopore_D2_TRIM_1--newFamily#CLASSI/LTR/TRIM	81.982	222	23	4	5358	5579	3004	3208	3.08e-43	172
ltr-1_family-113_inc#CLASSI/LTR/GYPSY	D.tristis_nanopore_D2_HELITRON_7--newFamily#CLASSII/HELITRON	96.875	64	2	0	4839	4902	1304	1241	8.80e-24	108
ltr-1_family-117_s_1_inc#CLASSI/LTR	D.tristis_nanopore_D2_GYPSY_2--newFamily#CLASSI/LTR/GYPSY	83.057	3140	520	11	1	3134	2611	5744	0.0	2841
ltr-1_family-117_s_2_inc#CLASSI/LTR	D.tristis_nanopore_D2_GYPSY_2--newFamily#CLASSI/LTR/GYPSY	81.884	138	15	8	622	753	790	923	3.00e-24	108
ltr-1_family-120_inc#CLASSI/LTR	D.tristis_nanopore_D2_BELPAO_14--newFamily#CLASSI/LTR/BELPAO	80.088	457	37	33	7	418	8378	8825	6.13e-80	291
ltr-1_family-132_inc#CLASSI/LTR	FBte0000823#CLASSII/MITE	93.429	350	8	9	1716	2050	1	350	1.56e-144	508
ltr-1_family-132_inc#CLASSI/LTR	D.tristis_nanopore_D2_HELITRON_13--newFamily#CLASSII/HELITRON	92.593	351	14	6	1712	2050	769	419	4.36e-140	494
ltr-1_family-132_inc#CLASSI/LTR	D.tristis_nanopore_D2_LARD_1--newFamily#CLASSI/LTR/LARD	91.988	337	16	4	1717	2050	3559	3231	1.23e-130	462
ltr-1_family-132_inc#CLASSI/LTR	D.tristis_nanopore_D2_HELITRON_11--newFamily#CLASSII/HELITRON	90.251	359	14	13	1712	2050	926	1283	9.56e-127	449
ltr-1_family-132_inc#CLASSI/LTR	D.tristis_nanopore_D2_LARD_2--newFamily#CLASSI/LTR/LARD	90.368	353	16	9	1712	2050	1738	2086	3.44e-126	448
ltr-1_family-132_inc#CLASSI/LTR	D.tristis_nanopore_D2_HELITRON_8--newFamily#CLASSII/HELITRON	87.172	343	13	9	1714	2043	881	1205	4.61e-100	361
ltr-1_family-132_inc#CLASSI/LTR	D.tristis_nanopore_D2_TRIM_1--newFamily#CLASSI/LTR/TRIM	86.878	221	24	1	1738	1958	3208	2993	1.74e-64	243
ltr-1_family-132_inc#CLASSI/LTR	D.tristis_nanopore_D2_LARD_3--newFamily#CLASSI/LTR/LARD	95.556	135	5	1	1712	1846	1705	1838	3.80e-56	215
ltr-1_family-132_inc#CLASSI/LTR	D.tristis_nanopore_D2_HELITRON_7--newFamily#CLASSII/HELITRON	86.747	166	18	3	1885	2050	1005	1166	3.85e-46	182
ltr-1_family-132_inc#CLASSI/LTR	D.tristis_nanopore_D2_L2_3--newFamily#CLASSI/LINE/L2	84.559	136	1	10	5349	5464	3557	3692	1.10e-26	117
ltr-1_family-132_inc#CLASSI/LTR	FBte0000823_3#CLASSI/LTR	96.774	62	2	0	1989	2050	12	73	8.58e-23	104
ltr-1_family-135_inc#CLASSI/LTR	D.tristis_nanopore_D2_LARD_2--newFamily#CLASSI/LTR/LARD	97.090	2199	47	5	1	2182	2199	1	0.0	3690
ltr-1_family-135_inc#CLASSI/LTR	D.tristis_nanopore_D2_HELITRON_13--newFamily#CLASSII/HELITRON	93.393	787	39	10	1407	2184	1614	832	0.0	1157
ltr-1_family-135_inc#CLASSI/LTR	D.tristis_nanopore_D2_HELITRON_11--newFamily#CLASSII/HELITRON	92.794	791	43	10	1400	2184	1707	925	0.0	1136
ltr-1_family-135_inc#CLASSI/LTR	FBte0000823#CLASSII/MITE	90.617	778	53	13	1409	2179	765	1	0.0	1022
ltr-1_family-135_inc#CLASSI/LTR	D.tristis_nanopore_D2_HELITRON_8--newFamily#CLASSII/HELITRON	88.258	792	45	18	1407	2185	1632	876	0.0	904
ltr-1_family-135_inc#CLASSI/LTR	D.tristis_nanopore_D2_LARD_1--newFamily#CLASSI/LTR/LARD	87.326	789	52	15	1407	2178	2802	3559	0.0	859
ltr-1_family-135_inc#CLASSI/LTR	FBte0000823_2#CLASSII/TIR	91.841	478	30	6	1398	1869	475	1	0.0	658
ltr-1_family-135_inc#CLASSI/LTR	FBte0000823_3#CLASSI/LTR	88.272	486	38	12	1405	1885	482	11	1.65e-161	564
ltr-1_family-135_inc#CLASSI/LTR	D.tristis_nanopore_D2_HELITRON_7--newFamily#CLASSII/HELITRON	86.555	238	26	3	1752	1989	1236	1005	3.13e-69	257
ltr-1_family-135_inc#CLASSI/LTR	D.tristis_nanopore_D2_LARD_3--newFamily#CLASSI/LTR/LARD	93.431	137	7	2	327	463	1838	1704	1.49e-52	202
ltr-1_family-135_inc#CLASSI/LTR	D.tristis_nanopore_D2_TRIM_1--newFamily#CLASSI/LTR/TRIM	82.403	233	24	4	203	435	2993	3208	4.16e-48	187
ltr-1_family-15_s_2_inc#CLASSI/LTR	BEL-3_DYa-I#CLASSI/LTR	99.787	2823	5	1	1110	3932	1	2822	0.0	5179
ltr-1_family-15_s_2_inc#CLASSI/LTR	D.tristis_nanopore_D2_BELPAO_2--newFamily#CLASSI/LTR/BELPAO	80.127	2370	438	25	1578	3932	1688	4039	0.0	1736
ltr-1_family-16_inc#CLASSI/LTR	BEL-3_DYa-I#CLASSI/LTR	98.733	2762	34	1	954	3715	164	2924	0.0	4957
ltr-1_family-16_inc#CLASSI/LTR	D.tristis_nanopore_D2_BELPAO_2--newFamily#CLASSI/LTR/BELPAO	80.202	2470	460	23	1259	3715	1688	4141	0.0	1847
ltr-1_family-154_inc#CLASSI/LTR	D.tristis_nanopore_D2_GYPSY_5--newFamily#CLASSI/LTR/GYPSY	88.907	1217	108	16	1248	2437	4239	5455	0.0	1474
ltr-1_family-154_inc#CLASSI/LTR	D.tristis_nanopore_D2_HELITRON_11--newFamily#CLASSII/HELITRON	82.182	550	72	17	2601	3127	908	362	6.30e-129	457
ltr-1_family-154_inc#CLASSI/LTR	D.tristis_nanopore_D2_HELITRON_13--newFamily#CLASSII/HELITRON	84.987	373	53	3	2757	3127	1406	1035	1.81e-104	375
ltr-1_family-154_inc#CLASSI/LTR	FBte0000823#CLASSII/MITE	82.630	403	64	6	2757	3154	561	160	1.83e-99	359
ltr-1_family-154_inc#CLASSI/LTR	D.tristis_nanopore_D2_LARD_2--newFamily#CLASSI/LTR/LARD	80.916	393	67	6	2758	3149	2291	1906	8.68e-83	303
ltr-1_family-154_inc#CLASSI/LTR	FBte0000823_2#CLASSII/TIR	85.214	257	36	2	2757	3012	256	1	1.47e-70	263
ltr-1_family-154_inc#CLASSI/LTR	D.tristis_nanopore_D2_HELITRON_8--newFamily#CLASSII/HELITRON	81.761	318	46	8	2760	3074	4198	3890	2.47e-68	255
ltr-1_family-154_inc#CLASSI/LTR	LOA-1_DPer#CLASSI/LINE	85.202	223	32	1	3429	3650	3810	4032	5.38e-60	228
ltr-1_family-154_inc#CLASSI/LTR	FBte0000823_3#CLASSI/LTR	90.173	173	10	5	2601	2770	473	305	3.24e-57	219
ltr-1_family-154_inc#CLASSI/LTR	D.tristis_nanopore_D2_LARD_1--newFamily#CLASSI/LTR/LARD	88.202	178	10	6	2601	2770	2809	2983	3.26e-52	202
ltr-1_family-17_inc#CLASSI/LTR	D.tristis_nanopore_D2_GYPSY_10--newFamily#CLASSI/LTR/GYPSY	98.703	771	1	4	1	762	4357	5127	0.0	1360
ltr-1_family-18_inc#CLASSI/LTR/GYPSY	D.tristis_nanopore_D2_GYPSY_10--newFamily#CLASSI/LTR/GYPSY	99.878	2451	2	1	1	2451	278	2727	0.0	4508
ltr-1_family-18_inc#CLASSI/LTR/GYPSY	D.tristis_nanopore_D2_BELPAO_14--newFamily#CLASSI/LTR/BELPAO	99.288	281	2	0	2457	2737	1	281	1.35e-144	508
ltr-1_family-19_s_1_inc#CLASSI/LTR	D.tristis_nanopore_D2_GYPSY_3--newFamily#CLASSI/LTR/GYPSY	98.173	2463	10	14	1	2462	4313	6741	0.0	4266
ltr-1_family-25_s_3_inc#CLASSI/LTR/GYPSY	D.tristis_nanopore_D2_GYPSY_5--newFamily#CLASSI/LTR/GYPSY	74.468	282	58	12	904	1178	5708	5982	7.17e-25	110
ltr-1_family-26_inc#CLASSI/LTR/GYPSY	D.tristis_nanopore_D2_GYPSY_3--newFamily#CLASSI/LTR/GYPSY	77.785	2917	602	39	9018	11917	3440	6327	0.0	1755
ltr-1_family-26_inc#CLASSI/LTR/GYPSY	D.tristis_nanopore_D2_HELITRON_8--newFamily#CLASSII/HELITRON	82.689	595	38	29	159	694	3666	4254	9.44e-132	468
ltr-1_family-26_inc#CLASSI/LTR/GYPSY	FBte0000823_2#CLASSII/TIR	87.500	408	24	12	15731	16111	59	466	4.42e-125	446
ltr-1_family-26_inc#CLASSI/LTR/GYPSY	D.tristis_nanopore_D2_HELITRON_13--newFamily#CLASSII/HELITRON	86.331	417	29	13	15731	16121	1209	1623	1.24e-120	431
ltr-1_family-26_inc#CLASSI/LTR/GYPSY	FBte0000823_3#CLASSI/LTR	86.802	394	27	9	15740	16113	94	482	3.47e-116	416
ltr-1_family-26_inc#CLASSI/LTR/GYPSY	D.tristis_nanopore_D2_HELITRON_11--newFamily#CLASSII/HELITRON	85.600	375	45	9	455	825	546	915	2.10e-108	390
ltr-1_family-26_inc#CLASSI/LTR/GYPSY	FBte0000823#CLASSII/MITE	84.729	406	33	14	15731	16109	362	765	3.52e-106	383
ltr-1_family-26_inc#CLASSI/LTR/GYPSY	D.tristis_nanopore_D2_LARD_1--newFamily#CLASSI/LTR/LARD	84.146	410	32	15	15731	16111	3207	2802	3.54e-101	366
ltr-1_family-26_inc#CLASSI/LTR/GYPSY	D.tristis_nanopore_D2_LARD_2--newFamily#CLASSI/LTR/LARD	85.546	339	16	6	15422	15731	1728	2062	2.16e-88	324
ltr-1_family-26_inc#CLASSI/LTR/GYPSY	D.tristis_nanopore_D2_LARD_3--newFamily#CLASSI/LTR/LARD	93.893	131	4	1	4757	4887	1712	1838	1.77e-49	195
ltr-1_family-26_inc#CLASSI/LTR/GYPSY	D.tristis_nanopore_D2_TRIM_1--newFamily#CLASSI/LTR/TRIM	80.282	213	34	5	15731	15940	2981	2774	3.00e-37	154
ltr-1_family-26_inc#CLASSI/LTR/GYPSY	D.tristis_nanopore_D2_HELITRON_7--newFamily#CLASSII/HELITRON	91.549	71	6	0	755	825	1232	1302	1.43e-20	99.0
ltr-1_family-29_inc#CLASSI/LTR	D.tristis_nanopore_D2_BELPAO_10--newFamily#CLASSI/LTR/BELPAO	99.443	2874	9	5	1	2869	195	3066	0.0	5212
ltr-1_family-4_inc#CLASSI/LTR/GYPSY	D.tristis_nanopore_D2_GYPSY_4--newFamily#CLASSI/LTR/GYPSY	99.914	2336	0	1	1136	3471	612	2945	0.0	4301
ltr-1_family-4_inc#CLASSI/LTR/GYPSY	D.tristis_nanopore_D2_HELITRON_11--newFamily#CLASSII/HELITRON	96.315	787	17	6	3470	4255	1700	925	0.0	1301
ltr-1_family-4_inc#CLASSI/LTR/GYPSY	D.tristis_nanopore_D2_HELITRON_13--newFamily#CLASSII/HELITRON	95.322	791	31	6	3470	4259	1613	828	0.0	1269
ltr-1_family-4_inc#CLASSI/LTR/GYPSY	FBte0000823#CLASSII/MITE	92.092	784	39	17	3471	4250	765	1	0.0	1098
ltr-1_family-4_inc#CLASSI/LTR/GYPSY	D.tristis_nanopore_D2_LARD_2--newFamily#CLASSI/LTR/LARD	91.117	788	57	9	3470	4253	779	1	0.0	1070
ltr-1_family-4_inc#CLASSI/LTR/GYPSY	D.tristis_nanopore_D2_HELITRON_8--newFamily#CLASSII/HELITRON	88.015	801	41	13	3470	4258	1631	874	0.0	911
ltr-1_family-4_inc#CLASSI/LTR/GYPSY	D.tristis_nanopore_D2_LARD_1--newFamily#CLASSI/LTR/LARD	87.044	795	50	11	3470	4249	2803	3559	0.0	863
ltr-1_family-4_inc#CLASSI/LTR/GYPSY	FBte0000823_2#CLASSII/TIR	92.632	475	31	3	335	808	472	1	0.0	706
ltr-1_family-4_inc#CLASSI/LTR/GYPSY	FBte0000823_3#CLASSI/LTR	88.912	487	39	8	338	824	482	11	4.27e-175	610
ltr-1_family-4_inc#CLASSI/LTR/GYPSY	D.tristis_nanopore_D2_HELITRON_7--newFamily#CLASSII/HELITRON	86.555	238	26	3	691	928	1236	1005	1.38e-70	263
ltr-1_family-4_inc#CLASSI/LTR/GYPSY	D.tristis_nanopore_D2_LARD_3--newFamily#CLASSI/LTR/LARD	94.203	138	5	3	4118	4255	1838	1704	6.54e-54	207
ltr-1_family-4_inc#CLASSI/LTR/GYPSY	D.tristis_nanopore_D2_TRIM_1--newFamily#CLASSI/LTR/TRIM	89.394	132	13	1	984	1115	3078	3208	3.99e-41	165
ltr-1_family-32_s_3_inc#CLASSI/LTR	D.tristis_nanopore_D2_GYPSY_5--newFamily#CLASSI/LTR/GYPSY	98.284	3962	49	13	927	4884	1086	5032	0.0	6922
ltr-1_family-33_inc#CLASSI/LTR/GYPSY	D.tristis_nanopore_D2_GYPSY_5--newFamily#CLASSI/LTR/GYPSY	97.913	3067	46	13	567	3632	1086	4135	0.0	5330
ltr-1_family-33_inc#CLASSI/LTR/GYPSY	D.tristis_nanopore_D2_HELITRON_13--newFamily#CLASSII/HELITRON	95.420	786	30	4	3630	4411	1614	831	0.0	1251
ltr-1_family-33_inc#CLASSI/LTR/GYPSY	FBte0000823#CLASSII/MITE	95.238	777	22	9	3632	4405	765	1	0.0	1223
ltr-1_family-33_inc#CLASSI/LTR/GYPSY	D.tristis_nanopore_D2_HELITRON_11--newFamily#CLASSII/HELITRON	94.643	784	36	3	3631	4413	1700	922	0.0	1214
ltr-1_family-33_inc#CLASSI/LTR/GYPSY	D.tristis_nanopore_D2_LARD_2--newFamily#CLASSI/LTR/LARD	91.677	781	62	2	3630	4408	780	1	0.0	1079
ltr-1_family-33_inc#CLASSI/LTR/GYPSY	D.tristis_nanopore_D2_LARD_1--newFamily#CLASSI/LTR/LARD	89.987	799	37	6	3619	4404	2791	3559	0.0	992
ltr-1_family-33_inc#CLASSI/LTR/GYPSY	D.tristis_nanopore_D2_HELITRON_8--newFamily#CLASSII/HELITRON	88.131	792	47	13	3630	4410	1632	877	0.0	898
ltr-1_family-33_inc#CLASSI/LTR/GYPSY	FBte0000823_2#CLASSII/TIR	96.146	467	16	2	3630	4095	466	1	0.0	761
ltr-1_family-33_inc#CLASSI/LTR/GYPSY	FBte0000823_3#CLASSI/LTR	92.133	483	26	7	3629	4111	481	11	0.0	671
ltr-1_family-33_inc#CLASSI/LTR/GYPSY	D.tristis_nanopore_D2_HELITRON_7--newFamily#CLASSII/HELITRON	87.395	238	24	3	3978	4215	1236	1005	3.58e-72	268
ltr-1_family-33_inc#CLASSI/LTR/GYPSY	D.tristis_nanopore_D2_LARD_3--newFamily#CLASSI/LTR/LARD	95.620	137	4	2	4274	4410	1838	1704	3.65e-57	219
ltr-1_family-33_inc#CLASSI/LTR/GYPSY	D.tristis_nanopore_D2_TRIM_1--newFamily#CLASSI/LTR/TRIM	90.909	132	11	1	4251	4382	3078	3208	2.23e-44	176
ltr-1_family-40_inc#CLASSI/LTR	D.tristis_nanopore_D2_BELPAO_5--newFamily#CLASSI/LTR/BELPAO	99.229	778	1	4	501	1276	1	775	0.0	1399
ltr-1_family-5_inc#CLASSI/LTR/GYPSY	D.tristis_nanopore_D2_GYPSY_12--newFamily#CLASSI/LTR/GYPSY	98.478	6439	71	15	3893	10310	503	6935	0.0	11322
ltr-1_family-5_inc#CLASSI/LTR/GYPSY	D.tristis_nanopore_D2_HELITRON_13--newFamily#CLASSII/HELITRON	89.628	376	25	5	2759	3125	770	400	1.75e-131	466
ltr-1_family-5_inc#CLASSI/LTR/GYPSY	FBte0000823#CLASSII/MITE	88.000	375	27	7	2764	3125	1	370	6.39e-121	431
ltr-1_family-5_inc#CLASSI/LTR/GYPSY	D.tristis_nanopore_D2_HELITRON_11--newFamily#CLASSII/HELITRON	87.728	383	26	9	2759	3125	925	1302	2.30e-120	429
ltr-1_family-5_inc#CLASSI/LTR/GYPSY	D.tristis_nanopore_D2_LARD_2--newFamily#CLASSI/LTR/LARD	87.599	379	25	8	2759	3125	1737	2105	1.38e-117	420
ltr-1_family-5_inc#CLASSI/LTR/GYPSY	D.tristis_nanopore_D2_LARD_1--newFamily#CLASSI/LTR/LARD	83.289	377	40	11	2757	3120	763	397	3.10e-89	326
ltr-1_family-5_inc#CLASSI/LTR/GYPSY	D.tristis_nanopore_D2_HELITRON_8--newFamily#CLASSII/HELITRON	83.421	380	25	14	2758	3127	876	1227	5.19e-87	318
ltr-1_family-5_inc#CLASSI/LTR/GYPSY	D.tristis_nanopore_D2_HELITRON_7--newFamily#CLASSII/HELITRON	85.638	188	20	5	2938	3125	1005	1185	1.18e-48	191
ltr-1_family-44_s_2_inc#CLASSI/LTR	D.tristis_nanopore_D2_CMC_1--newFamily#CLASSII/TIR/CMC	99.065	107	0	1	3232	3337	2	108	3.79e-49	191
ltr-1_family-45_inc#CLASSI/LTR	D.tristis_nanopore_D2_LARD_3--newFamily#CLASSI/LTR/LARD	93.889	180	11	0	2859	3038	1592	1413	2.60e-73	272
ltr-1_family-52_s_0_inc#CLASSI/LTR	D.tristis_nanopore_D2_BELPAO_11--newFamily#CLASSI/LTR/BELPAO	88.613	483	23	13	14	494	1	453	1.29e-160	558
ltr-1_family-52_s_0_inc#CLASSI/LTR	D.tristis_nanopore_D2_HELITRON_7--newFamily#CLASSII/HELITRON	87.037	108	11	3	388	494	2369	2264	2.60e-28	119
ltr-1_family-52_s_0_inc#CLASSI/LTR	D.tristis_nanopore_D2_BELPAO_8--newFamily#CLASSI/LTR/BELPAO	97.297	37	1	0	14	50	441	405	1.24e-11	63.9
ltr-1_family-56_inc#CLASSI/LTR/GYPSY	D.tristis_nanopore_D2_HELITRON_11--newFamily#CLASSII/HELITRON	91.114	799	42	14	3782	4561	1712	924	0.0	1057
ltr-1_family-56_inc#CLASSI/LTR/GYPSY	D.tristis_nanopore_D2_HELITRON_13--newFamily#CLASSII/HELITRON	90.750	800	38	15	3786	4560	1620	832	0.0	1037
ltr-1_family-56_inc#CLASSI/LTR/GYPSY	FBte0000823#CLASSII/MITE	90.665	782	36	18	3794	4555	765	1	0.0	1013
ltr-1_family-56_inc#CLASSI/LTR/GYPSY	D.tristis_nanopore_D2_LARD_2--newFamily#CLASSI/LTR/LARD	89.254	791	57	12	3789	4558	784	1	0.0	965
ltr-1_family-56_inc#CLASSI/LTR/GYPSY	D.tristis_nanopore_D2_LARD_1--newFamily#CLASSI/LTR/LARD	88.077	780	56	15	3791	4554	2801	3559	0.0	891
ltr-1_family-56_inc#CLASSI/LTR/GYPSY	D.tristis_nanopore_D2_HELITRON_8--newFamily#CLASSII/HELITRON	87.060	796	38	25	3791	4560	1633	877	0.0	839
ltr-1_family-56_inc#CLASSI/LTR/GYPSY	FBte0000823_3#CLASSI/LTR	91.296	494	29	9	3792	4285	480	1	0.0	662
ltr-1_family-56_inc#CLASSI/LTR/GYPSY	FBte0000823_2#CLASSII/TIR	91.405	477	23	9	3789	4257	469	3	0.0	638
ltr-1_family-56_inc#CLASSI/LTR/GYPSY	D.tristis_nanopore_D2_LARD_3--newFamily#CLASSI/LTR/LARD	94.891	137	5	2	4424	4560	1838	1704	2.00e-55	213
ltr-1_family-56_inc#CLASSI/LTR/GYPSY	D.tristis_nanopore_D2_HELITRON_7--newFamily#CLASSII/HELITRON	82.988	241	26	7	4135	4369	1236	1005	1.20e-52	204
ltr-1_family-56_inc#CLASSI/LTR/GYPSY	D.tristis_nanopore_D2_TRIM_1--newFamily#CLASSI/LTR/TRIM	81.435	237	23	4	4296	4532	2993	3208	9.44e-44	174
ltr-1_family-7_inc#CLASSI/LTR	D.tristis_nanopore_D2_BELPAO_15--newFamily#CLASSI/LTR/BELPAO	98.162	3047	35	6	331	3358	3455	6499	0.0	5297
ltr-1_family-7_inc#CLASSI/LTR	D.tristis_nanopore_D2_MITE_17--newFamily#CLASSII/MITE	94.696	905	27	8	11566	12451	1233	331	0.0	1386
ltr-1_family-7_inc#CLASSI/LTR	FBte0000823_2#CLASSII/TIR	85.112	403	43	10	3517	3913	462	71	2.80e-110	396
ltr-1_family-7_inc#CLASSI/LTR	D.tristis_nanopore_D2_HELITRON_13--newFamily#CLASSII/HELITRON	84.615	403	43	11	3517	3913	1610	1221	6.07e-107	385
ltr-1_family-7_inc#CLASSI/LTR	D.tristis_nanopore_D2_HELITRON_11--newFamily#CLASSII/HELITRON	83.871	403	48	10	3517	3913	1697	1306	1.70e-102	370
ltr-1_family-7_inc#CLASSI/LTR	FBte0000823#CLASSII/MITE	83.744	406	41	13	3517	3913	763	374	7.90e-101	364
ltr-1_family-7_inc#CLASSI/LTR	D.tristis_nanopore_D2_HELITRON_8--newFamily#CLASSII/HELITRON	82.641	409	52	10	3517	3914	1628	1228	1.03e-94	344
ltr-1_family-7_inc#CLASSI/LTR	D.tristis_nanopore_D2_LARD_1--newFamily#CLASSI/LTR/LARD	81.408	355	38	11	3563	3913	58	388	8.25e-71	265
ltr-1_family-7_inc#CLASSI/LTR	D.tristis_nanopore_D2_TRIM_1--newFamily#CLASSI/LTR/TRIM	78.607	201	37	3	3714	3913	2774	2969	1.13e-29	128
ltr-1_family-65_s_0_inc#CLASSI/LTR	D.tristis_nanopore_D2_BELPAO_8--newFamily#CLASSI/LTR/BELPAO	92.290	441	30	4	3	439	441	1	4.27e-180	623
ltr-1_family-70_inc#CLASSI/LTR	D.tristis_nanopore_D2_HELITRON_13--newFamily#CLASSII/HELITRON	94.527	804	27	10	1925	2727	1616	829	0.0	1230
ltr-1_family-70_inc#CLASSI/LTR	D.tristis_nanopore_D2_HELITRON_11--newFamily#CLASSII/HELITRON	92.866	799	34	9	1928	2725	1700	924	0.0	1151
ltr-1_family-70_inc#CLASSI/LTR	FBte0000823#CLASSII/MITE	92.579	795	25	17	1929	2719	765	1	0.0	1120
ltr-1_family-70_inc#CLASSI/LTR	D.tristis_nanopore_D2_LARD_2--newFamily#CLASSI/LTR/LARD	90.841	797	55	11	1927	2722	780	1	0.0	1059
ltr-1_family-70_inc#CLASSI/LTR	D.tristis_nanopore_D2_HELITRON_8--newFamily#CLASSII/HELITRON	87.252	808	43	16	1926	2724	1633	877	0.0	874
ltr-1_family-70_inc#CLASSI/LTR	D.tristis_nanopore_D2_LARD_1--newFamily#CLASSI/LTR/LARD	90.808	631	32	4	1926	2543	2801	3418	0.0	828
ltr-1_family-70_inc#CLASSI/LTR	FBte0000823_2#CLASSII/TIR	95.966	471	13	5	1926	2394	467	1	0.0	763
ltr-1_family-70_inc#CLASSI/LTR	FBte0000823_3#CLASSI/LTR	91.322	484	28	6	1927	2410	480	11	0.0	652
ltr-1_family-70_inc#CLASSI/LTR	D.tristis_nanopore_D2_HELITRON_7--newFamily#CLASSII/HELITRON	86.611	239	25	4	2277	2515	1236	1005	1.87e-70	263
ltr-1_family-70_inc#CLASSI/LTR	D.tristis_nanopore_D2_LARD_3--newFamily#CLASSI/LTR/LARD	92.086	139	7	3	2586	2724	1838	1704	2.49e-49	193
ltr-1_family-70_inc#CLASSI/LTR	D.tristis_nanopore_D2_TRIM_1--newFamily#CLASSI/LTR/TRIM	80.973	226	36	4	2126	2349	2774	2994	2.51e-44	176
ltr-1_family-8_inc#CLASSI/LTR	LOA-1_DPer_duplicate1#CLASSI/LINE/R1	100.000	3000	0	0	1	3000	1	3000	0.0	5541
ltr-1_family-8_inc#CLASSI/LTR	LOA-1_DPer#CLASSI/LINE	97.376	2744	60	10	1	2735	1202	3942	0.0	4658
ltr-1_family-8_inc#CLASSI/LTR	D.tristis_nanopore_D2_GYPSY_12--newFamily#CLASSI/LTR/GYPSY	84.817	1337	163	13	4357	5655	1493	2827	0.0	1308
ltr-1_family-71_inc#CLASSI/LTR/GYPSY	FBte0000823#CLASSII/MITE	95.833	768	26	4	4406	5170	765	1	0.0	1243
ltr-1_family-71_inc#CLASSI/LTR/GYPSY	D.tristis_nanopore_D2_HELITRON_13--newFamily#CLASSII/HELITRON	94.636	783	29	5	4402	5172	1616	835	0.0	1205
ltr-1_family-71_inc#CLASSI/LTR/GYPSY	D.tristis_nanopore_D2_HELITRON_11--newFamily#CLASSII/HELITRON	94.574	774	35	5	4405	5172	1700	928	0.0	1194
ltr-1_family-71_inc#CLASSI/LTR/GYPSY	D.tristis_nanopore_D2_LARD_1--newFamily#CLASSI/LTR/LARD	91.772	790	30	5	4393	5169	2792	3559	0.0	1066
ltr-1_family-71_inc#CLASSI/LTR/GYPSY	D.tristis_nanopore_D2_LARD_2--newFamily#CLASSI/LTR/LARD	90.897	780	59	4	4404	5172	780	2	0.0	1037
ltr-1_family-71_inc#CLASSI/LTR/GYPSY	D.tristis_nanopore_D2_HELITRON_8--newFamily#CLASSII/HELITRON	89.527	783	41	9	4403	5173	1633	880	0.0	953
ltr-1_family-71_inc#CLASSI/LTR/GYPSY	FBte0000823_2#CLASSII/TIR	96.574	467	15	1	4403	4868	467	1	0.0	773
ltr-1_family-71_inc#CLASSI/LTR/GYPSY	FBte0000823_3#CLASSI/LTR	92.931	481	23	6	4404	4884	480	11	0.0	689
ltr-1_family-71_inc#CLASSI/LTR/GYPSY	D.tristis_nanopore_D2_HELITRON_7--newFamily#CLASSII/HELITRON	87.395	238	24	4	4751	4988	1236	1005	3.81e-72	268
ltr-1_family-71_inc#CLASSI/LTR/GYPSY	D.tristis_nanopore_D2_LARD_3--newFamily#CLASSI/LTR/LARD	94.776	134	5	2	5039	5172	1838	1707	8.42e-54	207
ltr-1_family-71_inc#CLASSI/LTR/GYPSY	D.tristis_nanopore_D2_TRIM_1--newFamily#CLASSI/LTR/TRIM	82.403	233	24	6	4915	5147	2993	3208	1.10e-47	187
ltr-1_family-71_inc#CLASSI/LTR/GYPSY	D.tristis_nanopore_D2_GYPSY_5--newFamily#CLASSI/LTR/GYPSY	74.823	282	57	12	6458	6732	5708	5982	5.25e-26	115
ltr-1_family-74_s_2_inc#CLASSI/LTR	BEL-3_DPer-I#CLASSI/LTR	98.545	825	10	2	81	904	1	824	0.0	1456
ltr-1_family-74_s_2_inc#CLASSI/LTR	BEL-3_DPer-I_duplicate1#CLASSI/LTR	100.000	406	0	0	1	406	1	406	0.0	750
ltr-1_family-74_s_2_inc#CLASSI/LTR	BEL-3_DPer-I_2#CLASSI/LTR	94.845	388	16	4	20	405	1	386	1.10e-173	603
ltr-1_family-74_s_0_inc#CLASSI/LTR	BEL-3_DPer-I_2#CLASSI/LTR	100.000	386	0	0	1	386	1	386	0.0	713
ltr-1_family-74_s_0_inc#CLASSI/LTR	BEL-3_DPer-I_duplicate1#CLASSI/LTR	94.845	388	16	4	1	386	20	405	4.55e-174	603
ltr-1_family-74_s_0_inc#CLASSI/LTR	BEL-3_DPer-I#CLASSI/LTR	93.299	388	22	4	1	386	5900	6285	4.61e-164	569
ltr-1_family-83_inc#CLASSI/LTR	D.tristis_nanopore_D2_BELPAO_2--newFamily#CLASSI/LTR/BELPAO	99.173	3384	19	4	566	3941	1132	4514	0.0	6085
ltr-1_family-83_inc#CLASSI/LTR	BEL-3_DYa-I#CLASSI/LTR	80.767	2844	516	25	1115	3941	468	3297	0.0	2193
ltr-1_family-86_inc#CLASSI/LTR	D.tristis_nanopore_D2_BELPAO_3--newFamily#CLASSI/LTR/BELPAO	98.389	869	8	3	4306	5173	5658	6521	0.0	1522
ltr-1_family-86_inc#CLASSI/LTR	D.tristis_nanopore_D2_BELPAO_4--newFamily#CLASSI/LTR/BELPAO	99.518	830	2	2	4345	5173	1	829	0.0	1509
ltr-1_family-88_s_4_inc#CLASSI/LTR/GYPSY	Loa-1_DK#CLASSI/LINE	87.382	317	16	3	3	295	2367	2683	4.81e-95	342
ltr-1_family-90_inc#CLASSI/LTR	Copia-2_DPer-I#CLASSI/LTR/COPIA	97.858	3688	43	18	10879	14538	618	4297	0.0	6340
ltr-1_family-90_inc#CLASSI/LTR	Copia-2_DPer-I_2#CLASSI/LTR/COPIA	99.800	499	0	1	14040	14538	1	498	0.0	915
ltr-1_family-10_inc#CLASSI/LTR	D.tristis_nanopore_D2_BELPAO_12--newFamily#CLASSI/LTR/BELPAO	99.632	816	0	2	512	1324	1	816	0.0	1487
ltr-1_family-95_inc#CLASSI/LTR/GYPSY	D.tristis_nanopore_D2_HELITRON_13--newFamily#CLASSII/HELITRON	94.423	789	34	5	7316	8103	832	1611	0.0	1208
ltr-1_family-95_inc#CLASSI/LTR/GYPSY	D.tristis_nanopore_D2_HELITRON_11--newFamily#CLASSII/HELITRON	93.291	790	37	10	7315	8103	924	1698	0.0	1155
ltr-1_family-95_inc#CLASSI/LTR/GYPSY	FBte0000823#CLASSII/MITE	92.249	787	34	10	7321	8103	1	764	0.0	1098
ltr-1_family-95_inc#CLASSI/LTR/GYPSY	D.tristis_nanopore_D2_LARD_2--newFamily#CLASSI/LTR/LARD	91.221	786	60	6	7318	8103	1	777	0.0	1061
ltr-1_family-95_inc#CLASSI/LTR/GYPSY	D.tristis_nanopore_D2_HELITRON_8--newFamily#CLASSII/HELITRON	88.693	796	39	22	7316	8103	877	1629	0.0	924
ltr-1_family-95_inc#CLASSI/LTR/GYPSY	D.tristis_nanopore_D2_LARD_1--newFamily#CLASSI/LTR/LARD	88.978	744	43	4	7316	8058	761	56	0.0	883
ltr-1_family-95_inc#CLASSI/LTR/GYPSY	FBte0000823_2#CLASSII/TIR	94.647	467	19	3	7639	8103	1	463	0.0	719
ltr-1_family-95_inc#CLASSI/LTR/GYPSY	FBte0000823_3#CLASSI/LTR	91.268	481	28	5	7623	8103	11	477	0.0	643
ltr-1_family-95_inc#CLASSI/LTR/GYPSY	D.tristis_nanopore_D2_HELITRON_7--newFamily#CLASSII/HELITRON	87.448	239	22	6	7519	7756	1005	1236	4.15e-72	268
ltr-1_family-95_inc#CLASSI/LTR/GYPSY	D.tristis_nanopore_D2_LARD_3--newFamily#CLASSI/LTR/LARD	94.161	137	6	2	7316	7452	1704	1838	9.17e-54	207
ltr-1_family-99_inc#CLASSI/LTR/GYPSY	D.tristis_nanopore_D2_GYPSY_8--newFamily#CLASSI/LTR/GYPSY	97.995	3292	40	4	1	3266	195	3486	0.0	5690
rnd-1_family-13_inc#CLASSII/HELITRON	Loa-1_DK#CLASSI/LINE	91.711	2280	186	3	1609	3886	4824	2546	0.0	3160
rnd-1_family-13_inc#CLASSII/HELITRON	D.tristis_nanopore_D2_HELITRON_13--newFamily#CLASSII/HELITRON	95.707	792	27	5	6296	7086	830	1615	0.0	1271
rnd-1_family-13_inc#CLASSII/HELITRON	D.tristis_nanopore_D2_HELITRON_11--newFamily#CLASSII/HELITRON	94.423	789	29	6	6298	7084	925	1700	0.0	1203
rnd-1_family-13_inc#CLASSII/HELITRON	FBte0000823#CLASSII/MITE	93.121	785	30	10	6303	7083	1	765	0.0	1136
rnd-1_family-13_inc#CLASSII/HELITRON	D.tristis_nanopore_D2_LARD_2--newFamily#CLASSI/LTR/LARD	91.888	789	50	11	6301	7085	2	780	0.0	1090
rnd-1_family-13_inc#CLASSII/HELITRON	D.tristis_nanopore_D2_HELITRON_8--newFamily#CLASSII/HELITRON	89.014	801	31	16	6298	7086	878	1633	0.0	939
rnd-1_family-13_inc#CLASSII/HELITRON	D.tristis_nanopore_D2_LARD_1--newFamily#CLASSI/LTR/LARD	87.860	799	43	12	6304	7087	3559	2800	0.0	889
rnd-1_family-13_inc#CLASSII/HELITRON	FBte0000823_2#CLASSII/TIR	95.541	471	16	4	6617	7086	1	467	0.0	749
rnd-1_family-13_inc#CLASSII/HELITRON	FBte0000823_3#CLASSI/LTR	91.152	486	26	9	6601	7085	11	480	0.0	643
rnd-1_family-13_inc#CLASSII/HELITRON	D.tristis_nanopore_D2_CMC_1--newFamily#CLASSII/TIR/CMC	92.857	266	13	4	1	260	266	1	4.78e-106	381
rnd-1_family-13_inc#CLASSII/HELITRON	D.tristis_nanopore_D2_HELITRON_7--newFamily#CLASSII/HELITRON	78.650	548	40	36	5695	6236	2139	1663	2.30e-79	292
rnd-1_family-13_inc#CLASSII/HELITRON	D.tristis_nanopore_D2_LARD_3--newFamily#CLASSI/LTR/LARD	93.431	137	7	2	6298	6434	1704	1838	3.99e-52	202
rnd-1_family-13_inc#CLASSII/HELITRON	D.tristis_nanopore_D2_TRIM_1--newFamily#CLASSI/LTR/TRIM	80.617	227	35	5	6662	6885	2994	2774	1.46e-41	167
rnd-1_family-13_inc#CLASSII/HELITRON	D.tristis_nanopore_D2_BELPAO_14--newFamily#CLASSI/LTR/BELPAO	82.778	180	22	8	7354	7532	454	625	4.08e-37	152
rnd-1_family-11_inc#CLASSII/TIR	FBte0000823_2#CLASSII/TIR	96.350	411	12	3	2528	2936	475	66	0.0	673
rnd-1_family-11_inc#CLASSII/TIR	D.tristis_nanopore_D2_HELITRON_13--newFamily#CLASSII/HELITRON	96.000	400	14	2	2538	2936	1614	1216	0.0	649
rnd-1_family-11_inc#CLASSII/TIR	D.tristis_nanopore_D2_HELITRON_11--newFamily#CLASSII/HELITRON	95.567	406	15	2	2533	2936	1705	1301	0.0	649
rnd-1_family-11_inc#CLASSII/TIR	FBte0000823#CLASSII/MITE	95.238	399	15	3	2540	2936	765	369	0.0	632
rnd-1_family-11_inc#CLASSII/TIR	D.tristis_nanopore_D2_LARD_1--newFamily#CLASSI/LTR/LARD	94.089	406	22	2	2530	2933	2792	3197	8.21e-177	616
rnd-1_family-11_inc#CLASSII/TIR	D.tristis_nanopore_D2_COPIA_4--newFamily#CLASSI/LTR/COPIA	98.810	336	2	2	1950	2283	4510	4175	2.97e-171	597
rnd-1_family-11_inc#CLASSII/TIR	FBte0000823_3#CLASSI/LTR	93.000	400	17	6	2538	2936	480	91	5.01e-164	573
rnd-1_family-11_inc#CLASSII/TIR	D.tristis_nanopore_D2_LARD_2--newFamily#CLASSI/LTR/LARD	91.176	408	31	2	2533	2936	785	379	8.45e-157	549
rnd-1_family-11_inc#CLASSII/TIR	D.tristis_nanopore_D2_HELITRON_8--newFamily#CLASSII/HELITRON	89.655	406	28	4	2538	2931	1632	1229	1.85e-143	505
rnd-1_family-11_inc#CLASSII/TIR	D.tristis_nanopore_D2_TRIM_1--newFamily#CLASSI/LTR/TRIM	82.587	201	30	2	2733	2932	2774	2970	2.14e-43	172
rnd-1_family-11_inc#CLASSII/TIR	D.tristis_nanopore_D2_HELITRON_7--newFamily#CLASSII/HELITRON	96.667	60	2	0	2538	2597	1302	1243	1.02e-21	100
rnd-1_family-21_inc#CLASSI/LTR	D.tristis_nanopore_D2_BELPAO_7--newFamily#CLASSI/LTR/BELPAO	97.093	688	17	2	922	1606	7250	6563	0.0	1158
rnd-1_family-21_inc#CLASSI/LTR	D.tristis_nanopore_D2_HELITRON_13--newFamily#CLASSII/HELITRON	94.907	648	25	6	1	642	969	1614	0.0	1011
rnd-1_family-21_inc#CLASSI/LTR	FBte0000823#CLASSII/MITE	95.200	625	21	7	21	640	145	765	0.0	987
rnd-1_family-21_inc#CLASSI/LTR	D.tristis_nanopore_D2_HELITRON_11--newFamily#CLASSII/HELITRON	93.634	644	33	6	1	641	1062	1700	0.0	959
rnd-1_family-21_inc#CLASSI/LTR	D.tristis_nanopore_D2_LARD_2--newFamily#CLASSI/LTR/LARD	91.641	646	49	4	1	642	136	780	0.0	889
rnd-1_family-21_inc#CLASSI/LTR	D.tristis_nanopore_D2_LARD_1--newFamily#CLASSI/LTR/LARD	90.750	627	33	6	31	642	3418	2802	0.0	813
rnd-1_family-21_inc#CLASSI/LTR	FBte0000823_2#CLASSII/TIR	96.146	467	14	4	179	642	1	466	0.0	760
rnd-1_family-21_inc#CLASSI/LTR	D.tristis_nanopore_D2_HELITRON_8--newFamily#CLASSII/HELITRON	87.836	633	37	12	24	642	1026	1632	0.0	706
rnd-1_family-21_inc#CLASSI/LTR	FBte0000823_3#CLASSI/LTR	91.376	487	27	10	163	646	11	485	0.0	652
rnd-1_family-21_inc#CLASSI/LTR	D.tristis_nanopore_D2_HELITRON_7--newFamily#CLASSII/HELITRON	86.975	238	25	3	59	296	1005	1236	3.79e-71	263
rnd-1_family-21_inc#CLASSI/LTR	D.tristis_nanopore_D2_TRIM_1--newFamily#CLASSI/LTR/TRIM	80.444	225	39	2	224	447	2994	2774	3.06e-42	167
rnd-1_family-15_inc#CLASSII/HELITRON	D.tristis_nanopore_D2_HELITRON_8--newFamily#CLASSII/HELITRON	100.000	5573	0	0	1	5573	1	5573	0.0	10292
rnd-1_family-15_inc#CLASSII/HELITRON	D.tristis_nanopore_D2_HELITRON_13--newFamily#CLASSII/HELITRON	90.665	782	37	7	877	1633	771	1	0.0	1011
rnd-1_family-15_inc#CLASSII/HELITRON	D.tristis_nanopore_D2_HELITRON_11--newFamily#CLASSII/HELITRON	89.924	794	36	16	877	1637	925	1707	0.0	987
rnd-1_family-15_inc#CLASSII/HELITRON	FBte0000823#CLASSII/MITE	88.846	780	40	13	883	1630	1	765	0.0	922
rnd-1_family-15_inc#CLASSII/HELITRON	D.tristis_nanopore_D2_LARD_2--newFamily#CLASSI/LTR/LARD	87.944	788	50	19	881	1632	2	780	0.0	887
rnd-1_family-15_inc#CLASSII/HELITRON	D.tristis_nanopore_D2_LARD_1--newFamily#CLASSI/LTR/LARD	86.329	790	55	24	884	1642	3559	2792	0.0	811
rnd-1_family-15_inc#CLASSII/HELITRON	FBte0000823_2#CLASSII/TIR	90.605	479	24	8	1164	1633	1	467	8.83e-177	616
rnd-1_family-15_inc#CLASSII/HELITRON	FBte0000823_3#CLASSI/LTR	87.576	491	34	9	1148	1632	11	480	4.23e-155	544
rnd-1_family-15_inc#CLASSII/HELITRON	D.tristis_nanopore_D2_LARD_3--newFamily#CLASSI/LTR/LARD	95.683	139	3	3	876	1014	1703	1838	8.09e-58	220
rnd-1_family-15_inc#CLASSII/HELITRON	D.tristis_nanopore_D2_TRIM_1--newFamily#CLASSI/LTR/TRIM	91.667	132	10	1	3695	3826	3208	3078	3.82e-46	182
rnd-1_family-15_inc#CLASSII/HELITRON	D.tristis_nanopore_D2_HELITRON_7--newFamily#CLASSII/HELITRON	83.333	186	20	5	1096	1276	1057	1236	4.97e-40	161
rnd-1_family-59_inc#CLASSII/TIR	D.tristis_nanopore_D2_MITE_19--newFamily#CLASSII/MITE	100.000	971	0	0	1	971	1	971	0.0	1794
rnd-1_family-59_inc#CLASSII/TIR	D.tristis_nanopore_D2_MITE_2--newFamily#CLASSII/MITE	93.603	594	9	6	376	948	586	1	0.0	859
rnd-1_family-59_inc#CLASSII/TIR	D.tristis_nanopore_D2_MITE_18--newFamily#CLASSII/MITE	93.051	590	1	4	376	947	411	978	0.0	826
rnd-1_family-111_s_3_inc#CLASSI/LTR	D.tristis_nanopore_D2_BELPAO_14--newFamily#CLASSI/LTR/BELPAO	75.118	2110	484	36	1710	3797	1886	3976	0.0	950
rnd-1_family-111_s_3_inc#CLASSI/LTR	D.tristis_nanopore_D2_HELITRON_7--newFamily#CLASSII/HELITRON	88.822	331	25	6	121	449	4853	4533	1.81e-110	396
rnd-1_family-68_inc#CLASSI/LTR/GYPSY	D.tristis_nanopore_D2_GYPSY_12--newFamily#CLASSI/LTR/GYPSY	78.844	813	136	25	414	1196	3020	3826	4.00e-147	516
rnd-1_family-68_inc#CLASSI/LTR/GYPSY	LOA-1_DPer_duplicate1#CLASSI/LINE/R1	97.122	278	7	1	1501	1777	2723	3000	1.14e-132	468
rnd-1_family-2_inc#CLASSII/TIR	D.tristis_nanopore_D2_CMC_1--newFamily#CLASSII/TIR/CMC	98.168	2292	29	8	3795	6080	2312	28	0.0	3988
rnd-1_family-2_inc#CLASSII/TIR	D.tristis_nanopore_D2_HELITRON_11--newFamily#CLASSII/HELITRON	87.572	346	30	8	5582	5924	2141	1806	1.41e-116	416
rnd-1_family-2_inc#CLASSII/TIR	D.tristis_nanopore_D2_TRIM_1--newFamily#CLASSI/LTR/TRIM	89.150	341	23	12	5676	6012	6	336	1.82e-115	412
rnd-1_family-2_inc#CLASSII/TIR	D.tristis_nanopore_D2_BELPAO_2--newFamily#CLASSI/LTR/BELPAO	88.991	218	19	5	7773	7988	6856	7070	5.39e-71	265
rnd-1_family-5_inc#CLASSII/HELITRON	D.tristis_nanopore_D2_HELITRON_13--newFamily#CLASSII/HELITRON	94.830	793	33	6	663	1449	829	1619	0.0	1234
rnd-1_family-5_inc#CLASSII/HELITRON	FBte0000823#CLASSII/MITE	94.087	778	28	12	671	1443	1	765	0.0	1173
rnd-1_family-5_inc#CLASSII/HELITRON	D.tristis_nanopore_D2_HELITRON_11--newFamily#CLASSII/HELITRON	93.478	782	42	6	666	1444	925	1700	0.0	1157
rnd-1_family-5_inc#CLASSII/HELITRON	D.tristis_nanopore_D2_LARD_2--newFamily#CLASSI/LTR/LARD	91.421	781	61	5	669	1445	2	780	0.0	1066
rnd-1_family-5_inc#CLASSII/HELITRON	D.tristis_nanopore_D2_LARD_1--newFamily#CLASSI/LTR/LARD	90.216	787	35	5	672	1445	3559	2802	0.0	989
rnd-1_family-5_inc#CLASSII/HELITRON	D.tristis_nanopore_D2_HELITRON_8--newFamily#CLASSII/HELITRON	88.384	792	43	12	666	1445	878	1632	0.0	907
rnd-1_family-5_inc#CLASSII/HELITRON	FBte0000823_2#CLASSII/TIR	94.861	467	21	3	981	1445	1	466	0.0	726
rnd-1_family-5_inc#CLASSII/HELITRON	FBte0000823_3#CLASSI/LTR	90.683	483	34	7	965	1447	11	482	0.0	632
rnd-1_family-5_inc#CLASSII/HELITRON	D.tristis_nanopore_D2_HELITRON_7--newFamily#CLASSII/HELITRON	86.975	238	25	3	861	1098	1005	1236	7.54e-71	263
rnd-1_family-5_inc#CLASSII/HELITRON	D.tristis_nanopore_D2_LARD_3--newFamily#CLASSI/LTR/LARD	94.891	137	5	2	666	802	1704	1838	7.71e-56	213
rnd-1_family-5_inc#CLASSII/HELITRON	D.tristis_nanopore_D2_TRIM_1--newFamily#CLASSI/LTR/TRIM	90.909	132	11	1	694	825	3208	3078	1.01e-44	176
rnd-1_family-5_inc#CLASSII/HELITRON	D.tristis_nanopore_D2_MITE_15--newFamily#CLASSII/MITE	87.273	110	8	2	2743	2846	110	1	4.80e-28	121
rnd-1_family-113_inc#CLASSI/LTR	D.tristis_nanopore_D2_BELPAO_14--newFamily#CLASSI/LTR/BELPAO	73.468	1142	273	29	1	1127	2850	3976	8.06e-113	403
rnd-1_family-114_inc#CLASSI/LTR	D.tristis_nanopore_D2_MITE_20--newFamily#CLASSII/MITE	100.000	1333	0	0	1	1333	1	1333	0.0	2462
rnd-1_family-118_inc#CLASSI/LTR	D.tristis_nanopore_D2_BELPAO_8--newFamily#CLASSI/LTR/BELPAO	78.022	273	54	4	1414	1683	3417	3148	6.79e-54	206
rnd-1_family-27_inc#CLASSII/TIR/P	FBte0000823#CLASSII/MITE	95.128	390	16	2	927	1313	160	549	5.72e-178	617
rnd-1_family-27_inc#CLASSII/TIR/P	D.tristis_nanopore_D2_HELITRON_13--newFamily#CLASSII/HELITRON	93.269	416	28	0	898	1313	979	1394	2.06e-177	616
rnd-1_family-27_inc#CLASSII/TIR/P	D.tristis_nanopore_D2_HELITRON_11--newFamily#CLASSII/HELITRON	91.136	440	38	1	874	1313	282	720	4.45e-174	604
rnd-1_family-27_inc#CLASSII/TIR/P	D.tristis_nanopore_D2_LARD_2--newFamily#CLASSI/LTR/LARD	90.571	403	38	0	902	1304	146	548	5.93e-153	534
rnd-1_family-27_inc#CLASSII/TIR/P	D.tristis_nanopore_D2_LARD_1--newFamily#CLASSI/LTR/LARD	87.500	400	29	2	927	1313	3413	3022	3.70e-125	442
rnd-1_family-27_inc#CLASSII/TIR/P	D.tristis_nanopore_D2_HELITRON_8--newFamily#CLASSII/HELITRON	86.070	402	28	11	914	1313	3814	4189	1.35e-114	407
rnd-1_family-27_inc#CLASSII/TIR/P	FBte0000823_2#CLASSII/TIR	95.902	244	10	0	1070	1313	1	244	2.92e-111	396
rnd-1_family-27_inc#CLASSII/TIR/P	FBte0000823_3#CLASSI/LTR	93.625	251	15	1	1054	1304	11	260	1.37e-104	374
rnd-1_family-27_inc#CLASSII/TIR/P	D.tristis_nanopore_D2_HELITRON_7--newFamily#CLASSII/HELITRON	85.957	235	27	4	953	1187	1008	1236	3.11e-66	246
rnd-1_family-27_inc#CLASSII/TIR/P	D.tristis_nanopore_D2_TRIM_1--newFamily#CLASSI/LTR/TRIM	82.000	200	31	2	1115	1313	2994	2799	8.96e-42	165
rnd-1_family-88_inc#CLASSI/LTR	D.tristis_nanopore_D2_BELPAO_12--newFamily#CLASSI/LTR/BELPAO	74.109	1684	377	50	1	1654	4012	5666	0.0	806
rnd-1_family-150_s_1_inc#CLASSII/TIR	D.tristis_nanopore_D2_CMC_1--newFamily#CLASSII/TIR/CMC	97.041	676	13	7	1	669	1634	959	0.0	1131
rnd-1_family-150_s_1_inc#CLASSII/TIR	D.tristis_nanopore_D2_HELITRON_11--newFamily#CLASSII/HELITRON	86.885	244	19	5	1076	1310	2141	1902	3.10e-76	279
rnd-1_family-150_s_1_inc#CLASSII/TIR	D.tristis_nanopore_D2_TRIM_1--newFamily#CLASSI/LTR/TRIM	88.742	151	13	4	1180	1326	19	169	8.99e-47	182
rnd-1_family-162_inc#CLASSII/HELITRON	D.tristis_nanopore_D2_HELITRON_9--newFamily#CLASSII/HELITRON	100.000	2473	0	0	1	2473	1	2473	0.0	4567
rnd-1_family-162_inc#CLASSII/HELITRON	D.tristis_nanopore_D2_HELITRON_3--newFamily#CLASSII/HELITRON	96.897	1740	24	7	123	1832	1740	1	0.0	2887
rnd-1_family-162_inc#CLASSII/HELITRON	D.tristis_nanopore_D2_HELITRON_6--newFamily#CLASSII/HELITRON	97.908	1243	15	5	120	1351	130	1372	0.0	2141
rnd-1_family-162_inc#CLASSII/HELITRON	D.tristis_nanopore_D2_HELITRON_4--newFamily#CLASSII/HELITRON	95.897	1243	22	7	120	1351	1307	2531	0.0	1986
rnd-1_family-162_inc#CLASSII/HELITRON	D.tristis_nanopore_D2_HELITRON_2--newFamily#CLASSII/HELITRON	96.484	512	8	4	120	622	1683	2193	0.0	837
rnd-1_family-162_inc#CLASSII/HELITRON	D.tristis_nanopore_D2_HELITRON_7--newFamily#CLASSII/HELITRON	94.118	374	17	1	1735	2108	390	22	1.43e-161	564
rnd-1_family-165_s_2_inc#CLASSII/TIR/P	D.tristis_nanopore_D2_LARD_1--newFamily#CLASSI/LTR/LARD	90.749	227	18	2	2206	2429	983	757	6.56e-82	300
rnd-1_family-187_inc#CLASSII/TIR	CR1-1_DPer#CLASSI/LINE/CR1	90.934	1114	54	19	1654	2736	4543	3446	0.0	1454
rnd-1_family-187_inc#CLASSII/TIR	D.tristis_nanopore_D2_HELITRON_13--newFamily#CLASSII/HELITRON	92.117	444	29	4	2	440	1320	878	2.58e-179	623
rnd-1_family-187_inc#CLASSII/TIR	D.tristis_nanopore_D2_HELITRON_11--newFamily#CLASSII/HELITRON	91.383	441	32	4	1	440	1406	971	3.36e-173	603
rnd-1_family-187_inc#CLASSII/TIR	D.tristis_nanopore_D2_LARD_2--newFamily#CLASSI/LTR/LARD	89.376	433	43	3	10	440	476	45	7.44e-155	542
rnd-1_family-187_inc#CLASSII/TIR	FBte0000823#CLASSII/MITE	88.090	445	40	8	1	440	478	42	9.69e-149	521
rnd-1_family-187_inc#CLASSII/TIR	D.tristis_nanopore_D2_LARD_1--newFamily#CLASSI/LTR/LARD	85.455	440	49	11	2	439	288	714	2.16e-125	444
rnd-1_family-187_inc#CLASSII/TIR	D.tristis_nanopore_D2_HELITRON_8--newFamily#CLASSII/HELITRON	84.793	434	31	12	8	440	1323	924	3.66e-113	403
rnd-1_family-187_inc#CLASSII/TIR	D.tristis_nanopore_D2_BELPAO_11--newFamily#CLASSI/LTR/BELPAO	86.195	297	19	12	447	742	276	1	1.37e-82	302
rnd-1_family-187_inc#CLASSII/TIR	FBte0000823_2#CLASSII/TIR	91.329	173	14	1	1	172	173	1	1.41e-62	235
rnd-1_family-187_inc#CLASSII/TIR	FBte0000823_3#CLASSI/LTR	88.830	188	20	1	1	187	198	11	6.58e-61	230
rnd-1_family-187_inc#CLASSII/TIR	D.tristis_nanopore_D2_LARD_3--newFamily#CLASSI/LTR/LARD	92.222	90	7	0	351	440	1837	1748	2.47e-30	128
rnd-1_family-189_s_2_inc#CLASSI/LTR/GYPSY	D.tristis_nanopore_D2_GYPSY_12--newFamily#CLASSI/LTR/GYPSY	82.877	438	65	9	3277	3709	3356	3788	2.31e-107	385
rnd-1_family-189_s_0_s_0_inc#CLASSI/LTR/GYPSY	D.tristis_nanopore_D2_GYPSY_12--newFamily#CLASSI/LTR/GYPSY	81.187	1281	226	12	1535	2806	1493	2767	0.0	1016
rnd-1_family-189_s_0_s_0_inc#CLASSI/LTR/GYPSY	LOA-1_DPer_duplicate1#CLASSI/LINE/R1	98.473	262	4	0	1	262	2739	3000	8.65e-131	462
rnd-1_family-217_inc#CLASSI/LINE/R1	D.tristis_nanopore_D2_R1_3--newFamily#CLASSI/LINE/R1	93.132	3247	203	5	442	3668	1655	4901	0.0	4743
rnd-1_family-217_inc#CLASSI/LINE/R1	D.tristis_nanopore_D2_R1_7--newFamily#CLASSI/LINE/R1	93.067	3231	204	5	442	3652	3231	1	0.0	4708
rnd-1_family-238_inc#CLASSI/LTR	D.tristis_nanopore_D2_BELPAO_15--newFamily#CLASSI/LTR/BELPAO	79.136	671	95	30	684	1330	295	944	9.92e-119	422
rnd-1_family-243_inc#CLASSI/LTR	D.tristis_nanopore_D2_GYPSY_3--newFamily#CLASSI/LTR/GYPSY	95.480	1792	54	20	6094	7871	4299	6077	0.0	2835
rnd-1_family-243_inc#CLASSI/LTR	D.tristis_nanopore_D2_CMC_1--newFamily#CLASSII/TIR/CMC	97.388	689	1	9	4557	5231	3603	2918	0.0	1157
rnd-1_family-243_inc#CLASSI/LTR	D.tristis_nanopore_D2_HELITRON_11--newFamily#CLASSII/HELITRON	87.719	342	29	7	4743	5077	1806	2141	4.89e-116	414
rnd-1_family-243_inc#CLASSI/LTR	D.tristis_nanopore_D2_TRIM_1--newFamily#CLASSI/LTR/TRIM	88.724	337	23	12	4656	4983	336	6	4.92e-111	398
rnd-1_family-272_inc#CLASSI/LTR/GYPSY	D.tristis_nanopore_D2_GYPSY_3--newFamily#CLASSI/LTR/GYPSY	95.497	2154	64	24	3568	5701	6439	4299	0.0	3410
rnd-1_family-272_inc#CLASSI/LTR/GYPSY	D.tristis_nanopore_D2_CMC_1--newFamily#CLASSII/TIR/CMC	98.312	237	0	4	5865	6097	1	237	1.36e-115	412
rnd-1_family-272_inc#CLASSI/LTR/GYPSY	D.tristis_nanopore_D2_HELITRON_11--newFamily#CLASSII/HELITRON	94.000	50	2	1	6048	6097	1806	1854	5.64e-15	78.7
rnd-1_family-412_s_2_inc#CLASSI/LINE	D.tristis_nanopore_D2_JOCKEY_1--newFamily#CLASSI/LINE/JOCKEY	91.012	1324	78	15	7085	8368	1342	2664	0.0	1748
rnd-1_family-412_s_2_inc#CLASSI/LINE	D.tristis_nanopore_D2_HELITRON_6--newFamily#CLASSII/HELITRON	96.750	1046	22	5	1	1034	763	1808	0.0	1733
rnd-1_family-412_s_2_inc#CLASSI/LINE	D.tristis_nanopore_D2_HELITRON_4--newFamily#CLASSII/HELITRON	96.272	1046	26	6	1	1034	1923	2967	0.0	1703
rnd-1_family-412_s_2_inc#CLASSI/LINE	D.tristis_nanopore_D2_HELITRON_3--newFamily#CLASSII/HELITRON	96.885	610	15	4	1	606	1110	501	0.0	1018
rnd-1_family-412_s_2_inc#CLASSI/LINE	D.tristis_nanopore_D2_HELITRON_9--newFamily#CLASSII/HELITRON	95.738	610	20	6	1	606	744	1351	0.0	977
rnd-1_family-412_s_2_inc#CLASSI/LINE	D.tristis_nanopore_D2_HELITRON_7--newFamily#CLASSII/HELITRON	94.003	617	24	6	303	907	1009	394	0.0	922
rnd-1_family-412_s_2_inc#CLASSI/LINE	FBte0000823#CLASSII/MITE	92.821	390	19	5	12958	13338	422	33	2.80e-160	562
rnd-1_family-412_s_2_inc#CLASSI/LINE	D.tristis_nanopore_D2_HELITRON_13--newFamily#CLASSII/HELITRON	92.545	389	24	4	12955	13338	345	733	4.68e-158	555
rnd-1_family-412_s_2_inc#CLASSI/LINE	D.tristis_nanopore_D2_HELITRON_11--newFamily#CLASSII/HELITRON	90.840	393	24	8	12958	13338	1354	962	1.71e-147	520
rnd-1_family-412_s_2_inc#CLASSI/LINE	D.tristis_nanopore_D2_LARD_2--newFamily#CLASSI/LTR/LARD	89.460	389	28	8	12958	13338	2157	1774	2.90e-135	479
rnd-1_family-412_s_2_inc#CLASSI/LINE	D.tristis_nanopore_D2_LARD_1--newFamily#CLASSI/LTR/LARD	86.260	393	40	10	12955	13338	337	724	8.29e-116	414
rnd-1_family-412_s_2_inc#CLASSI/LINE	D.tristis_nanopore_D2_HELITRON_8--newFamily#CLASSII/HELITRON	86.234	385	27	10	12958	13338	1277	915	1.08e-109	394
rnd-1_family-412_s_2_inc#CLASSI/LINE	FBte0000823_2#CLASSII/TIR	94.821	251	5	3	12716	12959	471	222	6.50e-107	385
rnd-1_family-412_s_2_inc#CLASSI/LINE	FBte0000823_3#CLASSI/LTR	93.305	239	11	4	12721	12959	480	247	8.53e-96	348
rnd-1_family-412_s_2_inc#CLASSI/LINE	D.tristis_nanopore_D2_LARD_3--newFamily#CLASSI/LTR/LARD	93.000	100	4	2	13242	13338	1838	1739	4.32e-34	143
rnd-1_family-412_s_2_inc#CLASSI/LINE	D.tristis_nanopore_D2_BELPAO_14--newFamily#CLASSI/LTR/BELPAO	80.734	109	12	6	1049	1149	501	608	4.44e-14	76.8
rnd-1_family-429_inc#CLASSI/LINE	LOA-1_DPer#CLASSI/LINE	85.677	384	49	5	1396	1775	3838	4219	5.41e-112	399
rnd-1_family-423_s_1_inc#CLASSII/HELITRON	D.tristis_nanopore_D2_HELITRON_10--newFamily#CLASSII/HELITRON	100.000	3297	0	0	1	3297	1	3297	0.0	6089
rnd-1_family-423_s_1_inc#CLASSII/HELITRON	Helitron-1_DPe#CLASSII/HELITRON	89.734	1315	104	20	1540	2838	1162	2461	0.0	1652
rnd-1_family-455_s_2_inc#CLASSI/LTR/GYPSY	D.tristis_nanopore_D2_GYPSY_12--newFamily#CLASSI/LTR/GYPSY	99.519	6034	22	3	1	6028	1015	7047	0.0	10975
rnd-1_family-510_inc#CLASSI/LTR/GYPSY	D.tristis_nanopore_D2_GYPSY_3--newFamily#CLASSI/LTR/GYPSY	97.309	1115	25	4	1114	2227	1020	2130	0.0	1888
rnd-1_family-536_inc#CLASSII/TIR	D.tristis_nanopore_D2_LARD_2--newFamily#CLASSI/LTR/LARD	100.000	2393	0	0	1	2393	1	2393	0.0	4420
rnd-1_family-536_inc#CLASSII/TIR	D.tristis_nanopore_D2_HELITRON_13--newFamily#CLASSII/HELITRON	92.866	785	47	5	1	780	834	1614	0.0	1134
rnd-1_family-536_inc#CLASSII/TIR	D.tristis_nanopore_D2_HELITRON_11--newFamily#CLASSII/HELITRON	92.318	781	51	6	1	779	927	1700	0.0	1105
rnd-1_family-536_inc#CLASSII/TIR	FBte0000823#CLASSII/MITE	90.501	779	56	11	4	778	1	765	0.0	1020
rnd-1_family-536_inc#CLASSII/TIR	D.tristis_nanopore_D2_HELITRON_8--newFamily#CLASSII/HELITRON	87.944	788	50	19	2	780	881	1632	0.0	887
rnd-1_family-536_inc#CLASSII/TIR	D.tristis_nanopore_D2_LARD_1--newFamily#CLASSI/LTR/LARD	86.076	790	64	11	5	780	3559	2802	0.0	808
rnd-1_family-536_inc#CLASSII/TIR	FBte0000823_2#CLASSII/TIR	92.227	476	32	3	314	787	1	473	0.0	669
rnd-1_family-536_inc#CLASSII/TIR	FBte0000823_3#CLASSI/LTR	88.797	482	41	5	299	780	12	480	4.95e-166	579
rnd-1_family-536_inc#CLASSII/TIR	D.tristis_nanopore_D2_HELITRON_7--newFamily#CLASSII/HELITRON	84.937	239	28	5	194	431	1005	1236	1.23e-62	235
rnd-1_family-536_inc#CLASSII/TIR	D.tristis_nanopore_D2_LARD_3--newFamily#CLASSI/LTR/LARD	93.431	137	7	2	1737	1873	1704	1838	1.25e-52	202
rnd-1_family-536_inc#CLASSII/TIR	D.tristis_nanopore_D2_TRIM_1--newFamily#CLASSI/LTR/TRIM	81.545	233	26	4	1765	1997	3208	2993	7.59e-45	176
rnd-1_family-551_inc#CLASSI/LINE	D.tristis_nanopore_D2_MITE_16--newFamily#CLASSII/MITE	89.145	304	21	8	8308	8607	230	525	4.59e-102	368
rnd-1_family-537_inc#CLASSI/LTR	BEL-2_DPer-I#CLASSI/LTR/BELPAO	94.334	353	3	1	2864	3199	2551	2199	8.77e-150	525
rnd-3_family-11_inc#CLASSII/HELITRON	D.tristis_nanopore_D2_HELITRON_11--newFamily#CLASSII/HELITRON	100.000	2141	0	0	1	2141	1	2141	0.0	3858
rnd-3_family-11_inc#CLASSII/HELITRON	D.tristis_nanopore_D2_HELITRON_13--newFamily#CLASSII/HELITRON	96.401	778	16	5	925	1700	770	3	0.0	1279
rnd-3_family-11_inc#CLASSII/HELITRON	FBte0000823#CLASSII/MITE	94.179	773	34	7	930	1699	1	765	0.0	1179
rnd-3_family-11_inc#CLASSII/HELITRON	D.tristis_nanopore_D2_LARD_2--newFamily#CLASSI/LTR/LARD	92.318	781	51	6	927	1700	1	779	0.0	1105
rnd-3_family-11_inc#CLASSII/HELITRON	D.tristis_nanopore_D2_HELITRON_8--newFamily#CLASSII/HELITRON	89.924	794	36	16	925	1707	877	1637	0.0	987
rnd-3_family-11_inc#CLASSII/HELITRON	D.tristis_nanopore_D2_LARD_1--newFamily#CLASSI/LTR/LARD	89.400	783	44	13	931	1700	3559	2803	0.0	953
rnd-3_family-11_inc#CLASSII/HELITRON	FBte0000823_2#CLASSII/TIR	95.329	471	20	2	1236	1705	1	470	0.0	749
rnd-3_family-11_inc#CLASSII/HELITRON	FBte0000823_3#CLASSI/LTR	91.476	481	29	7	1220	1700	11	479	0.0	652
rnd-3_family-11_inc#CLASSII/HELITRON	D.tristis_nanopore_D2_CMC_1--newFamily#CLASSII/TIR/CMC	88.372	344	29	5	1806	2141	3414	3074	1.31e-121	431
rnd-3_family-11_inc#CLASSII/HELITRON	D.tristis_nanopore_D2_HELITRON_7--newFamily#CLASSII/HELITRON	86.235	247	29	3	358	604	1005	1246	1.09e-72	268
rnd-3_family-11_inc#CLASSII/HELITRON	D.tristis_nanopore_D2_LARD_3--newFamily#CLASSI/LTR/LARD	94.891	137	5	2	143	279	1704	1838	5.17e-56	213
rnd-3_family-11_inc#CLASSII/HELITRON	D.tristis_nanopore_D2_TRIM_1--newFamily#CLASSI/LTR/TRIM	82.857	210	29	3	1281	1488	2994	2790	4.05e-47	183
rnd-4_family-831_inc#CLASSII/HELITRON	D.tristis_nanopore_D2_HELITRON_12--newFamily#CLASSII/HELITRON	100.000	802	0	0	1	802	1	802	0.0	1441
rnd-4_family-691_s_2_inc#CLASSII/HELITRON	D.tristis_nanopore_D2_BELPAO_13--newFamily#CLASSI/LTR/BELPAO	97.330	3558	88	5	1967	5518	5011	1455	0.0	6037
rnd-4_family-691_s_2_inc#CLASSII/HELITRON	D.tristis_nanopore_D2_BELPAO_17--newFamily#CLASSI/LTR/BELPAO	96.942	2845	62	4	1967	4808	5014	2192	0.0	4752
rnd-4_family-691_s_2_inc#CLASSII/HELITRON	D.tristis_nanopore_D2_HELITRON_6--newFamily#CLASSII/HELITRON	97.129	1811	38	6	6943	8742	1	1808	0.0	3044
rnd-4_family-691_s_2_inc#CLASSII/HELITRON	D.tristis_nanopore_D2_HELITRON_4--newFamily#CLASSII/HELITRON	96.060	1878	40	9	6877	8742	1112	2967	0.0	3027
rnd-4_family-691_s_2_inc#CLASSII/HELITRON	D.tristis_nanopore_D2_HELITRON_3--newFamily#CLASSII/HELITRON	96.738	1441	37	6	6877	8314	1934	501	0.0	2392
rnd-4_family-691_s_2_inc#CLASSII/HELITRON	D.tristis_nanopore_D2_HELITRON_9--newFamily#CLASSII/HELITRON	95.586	1246	38	10	7072	8314	120	1351	0.0	1980
rnd-4_family-691_s_2_inc#CLASSII/HELITRON	D.tristis_nanopore_D2_HELITRON_2--newFamily#CLASSII/HELITRON	97.881	708	13	2	6877	7584	1488	2193	0.0	1223
rnd-4_family-691_s_2_inc#CLASSII/HELITRON	D.tristis_nanopore_D2_HELITRON_7--newFamily#CLASSII/HELITRON	94.165	617	24	5	8010	8615	1009	394	0.0	929
rnd-4_family-691_s_2_inc#CLASSII/HELITRON	D.tristis_nanopore_D2_BELPAO_15--newFamily#CLASSI/LTR/BELPAO	93.966	464	21	3	6256	6719	457	1	0.0	695
rnd-4_family-691_s_2_inc#CLASSII/HELITRON	D.tristis_nanopore_D2_HELITRON_11--newFamily#CLASSII/HELITRON	91.391	151	5	2	5738	5880	1186	1336	6.95e-52	202
rnd-4_family-691_s_2_inc#CLASSII/HELITRON	D.tristis_nanopore_D2_HELITRON_13--newFamily#CLASSII/HELITRON	91.391	151	5	2	5738	5880	1101	1251	2.50e-51	200
rnd-4_family-691_s_2_inc#CLASSII/HELITRON	FBte0000823#CLASSII/MITE	89.474	152	7	3	5738	5880	253	404	2.52e-46	183
rnd-4_family-691_s_2_inc#CLASSII/HELITRON	D.tristis_nanopore_D2_LARD_2--newFamily#CLASSI/LTR/LARD	88.742	151	9	2	5738	5880	264	414	1.17e-44	178
rnd-4_family-691_s_2_inc#CLASSII/HELITRON	FBte0000823_2#CLASSII/TIR	94.595	74	4	0	5807	5880	28	101	9.32e-26	115
rnd-4_family-691_s_2_inc#CLASSII/HELITRON	D.tristis_nanopore_D2_BELPAO_14--newFamily#CLASSI/LTR/BELPAO	81.651	109	11	6	8757	8857	501	608	9.45e-16	82.4
rnd-4_family-819_inc#CLASSI/LTR/GYPSY	D.tristis_nanopore_D2_HELITRON_13--newFamily#CLASSII/HELITRON	93.519	108	7	0	3312	3419	1186	1079	6.19e-40	161
rnd-4_family-819_inc#CLASSI/LTR/GYPSY	FBte0000823#CLASSII/MITE	93.519	108	7	0	3312	3419	338	231	6.19e-40	161
rnd-4_family-819_inc#CLASSI/LTR/GYPSY	D.tristis_nanopore_D2_HELITRON_11--newFamily#CLASSII/HELITRON	93.519	108	6	1	3312	3419	512	406	2.23e-39	159
rnd-4_family-819_inc#CLASSI/LTR/GYPSY	D.tristis_nanopore_D2_HELITRON_8--newFamily#CLASSII/HELITRON	92.381	105	8	0	3312	3416	1199	1095	1.34e-36	150
rnd-4_family-819_inc#CLASSI/LTR/GYPSY	D.tristis_nanopore_D2_LARD_1--newFamily#CLASSI/LTR/LARD	91.589	107	7	2	3314	3419	425	530	1.73e-35	147
rnd-4_family-819_inc#CLASSI/LTR/GYPSY	D.tristis_nanopore_D2_LARD_2--newFamily#CLASSI/LTR/LARD	90.741	108	8	2	3312	3418	349	243	2.24e-34	143
rnd-4_family-819_inc#CLASSI/LTR/GYPSY	FBte0000823_3#CLASSI/LTR	98.077	52	0	1	3312	3363	61	11	2.96e-18	89.8
rnd-4_family-819_inc#CLASSI/LTR/GYPSY	D.tristis_nanopore_D2_LARD_3--newFamily#CLASSI/LTR/LARD	95.556	45	1	1	3446	3490	1747	1704	1.07e-12	71.3
rnd-4_family-819_inc#CLASSI/LTR/GYPSY	FBte0000823_2#CLASSII/TIR	100.000	36	0	0	3312	3347	36	1	1.39e-11	67.6
rnd-5_family-946_inc#CLASSII/HELITRON	D.tristis_nanopore_D2_HELITRON_13--newFamily#CLASSII/HELITRON	100.000	1966	0	0	707	2672	1	1966	0.0	3605
rnd-5_family-946_inc#CLASSII/HELITRON	D.tristis_nanopore_D2_HELITRON_11--newFamily#CLASSII/HELITRON	96.292	782	16	6	706	1476	1704	925	0.0	1279
rnd-5_family-946_inc#CLASSII/HELITRON	FBte0000823#CLASSII/MITE	94.487	780	24	6	1543	2318	1	765	0.0	1188
rnd-5_family-946_inc#CLASSII/HELITRON	D.tristis_nanopore_D2_LARD_2--newFamily#CLASSI/LTR/LARD	92.866	785	47	5	1540	2320	1	780	0.0	1134
rnd-5_family-946_inc#CLASSII/HELITRON	D.tristis_nanopore_D2_HELITRON_8--newFamily#CLASSII/HELITRON	90.665	782	37	7	707	1477	1633	877	0.0	1011
rnd-5_family-946_inc#CLASSII/HELITRON	D.tristis_nanopore_D2_LARD_1--newFamily#CLASSI/LTR/LARD	90.617	778	40	7	707	1470	2801	3559	0.0	1005
rnd-5_family-946_inc#CLASSII/HELITRON	FBte0000823_2#CLASSII/TIR	97.002	467	12	2	1857	2321	1	467	0.0	785
rnd-5_family-946_inc#CLASSII/HELITRON	FBte0000823_3#CLASSI/LTR	92.723	481	23	7	1841	2320	11	480	0.0	686
rnd-5_family-946_inc#CLASSII/HELITRON	D.tristis_nanopore_D2_HELITRON_7--newFamily#CLASSII/HELITRON	88.235	238	22	3	1737	1974	1005	1236	6.29e-76	279
rnd-5_family-946_inc#CLASSII/HELITRON	D.tristis_nanopore_D2_LARD_3--newFamily#CLASSI/LTR/LARD	96.350	137	3	2	1538	1674	1704	1838	2.99e-59	224
rnd-5_family-946_inc#CLASSII/HELITRON	D.tristis_nanopore_D2_TRIM_1--newFamily#CLASSI/LTR/TRIM	84.444	225	30	2	1902	2125	2994	2774	5.00e-57	217
rnd-5_family-163_inc#CLASSII/TIR	D.tristis_nanopore_D2_BELPAO_2--newFamily#CLASSI/LTR/BELPAO	96.779	3726	61	13	6072	9741	7133	3411	0.0	6161
rnd-5_family-163_inc#CLASSII/TIR	BEL-3_DYa-I#CLASSI/LTR	80.660	3516	567	63	6200	9623	5806	2312	0.0	2621
rnd-5_family-163_inc#CLASSII/TIR	D.tristis_nanopore_D2_HELITRON_13--newFamily#CLASSII/HELITRON	89.691	776	52	15	1986	2738	1	771	0.0	968
rnd-5_family-163_inc#CLASSII/TIR	D.tristis_nanopore_D2_HELITRON_11--newFamily#CLASSII/HELITRON	88.875	791	54	15	1983	2743	1705	919	0.0	944
rnd-5_family-163_inc#CLASSII/TIR	D.tristis_nanopore_D2_LARD_2--newFamily#CLASSI/LTR/LARD	88.035	794	63	18	1973	2735	793	1	0.0	911
rnd-5_family-163_inc#CLASSII/TIR	FBte0000823#CLASSII/MITE	88.083	772	57	18	1989	2732	765	1	0.0	891
rnd-5_family-163_inc#CLASSII/TIR	D.tristis_nanopore_D2_HELITRON_8--newFamily#CLASSII/HELITRON	87.130	777	56	16	1986	2738	1633	877	0.0	841
rnd-5_family-163_inc#CLASSII/TIR	D.tristis_nanopore_D2_LARD_1--newFamily#CLASSI/LTR/LARD	85.879	779	65	25	1982	2731	2797	3559	0.0	787
rnd-5_family-163_inc#CLASSII/TIR	FBte0000823_2#CLASSII/TIR	91.736	484	29	10	1974	2450	480	1	0.0	662
rnd-5_family-163_inc#CLASSII/TIR	FBte0000823_3#CLASSI/LTR	87.879	495	40	11	1987	2476	480	1	5.83e-161	564
rnd-5_family-163_inc#CLASSII/TIR	D.tristis_nanopore_D2_LARD_3--newFamily#CLASSI/LTR/LARD	91.603	131	6	3	3277	3406	1712	1838	3.19e-44	176
rnd-5_family-163_inc#CLASSII/TIR	D.tristis_nanopore_D2_HELITRON_7--newFamily#CLASSII/HELITRON	90.110	91	9	0	3465	3555	1005	1095	5.45e-27	119
rnd-5_family-163_inc#CLASSII/TIR	D.tristis_nanopore_D2_MITE_3--newFamily#CLASSII/MITE	90.141	71	7	0	1604	1674	594	524	3.30e-19	93.5
rnd-5_family-1885_inc#CLASSII/MAVERICK	D.tristis_nanopore_D2_MAVERICK_2--newFamily#CLASSII/MAVERICK	100.000	16232	0	0	1	16232	1	16232	0.0	29975
rnd-5_family-1885_inc#CLASSII/MAVERICK	D.tristis_nanopore_D2_MAVERICK_1--newFamily#CLASSII/MAVERICK	99.930	8528	4	2	7707	16232	1	8528	0.0	15714
rnd-5_family-1345_inc#CLASSII/HELITRON	D.tristis_nanopore_D2_HELITRON_14--newFamily#CLASSII/HELITRON	100.000	757	0	0	1	757	1	757	0.0	1399
rnd-5_family-1334_inc#CLASSII/TIR	D.tristis_nanopore_D2_MITE_21--newFamily#CLASSII/MITE	100.000	1667	0	0	1	1667	1	1667	0.0	3046
rnd-5_family-2422_s_2_inc#CLASSII/HELITRON	D.tristis_nanopore_D2_HELITRON_15--newFamily#CLASSII/HELITRON	100.000	2916	0	0	1	2916	1	2916	0.0	5385
rnd-5_family-2422_s_2_inc#CLASSII/HELITRON	D.tristis_nanopore_D2_HELITRON_5--newFamily#CLASSII/HELITRON	93.690	840	16	5	1376	2183	4	838	0.0	1223
rnd-5_family-4894_inc#CLASSII/HELITRON	D.tristis_nanopore_D2_HELITRON_16--newFamily#CLASSII/HELITRON	100.000	701	0	0	1	701	1	701	0.0	1291
rnd-5_family-2078_inc#CLASSI/LINE/CR1	D.tristis_nanopore_D2_CR1_3--newFamily#CLASSI/LINE/CR1	94.096	271	7	4	1202	1465	298	566	1.95e-113	403
rnd-5_family-2252_inc#CLASSII/TIR	D.tristis_nanopore_D2_MITE_3--newFamily#CLASSII/MITE	87.277	448	16	10	1	433	7	428	2.21e-134	473
rnd-5_family-1630_inc#CLASSII/HELITRON	D.tristis_nanopore_D2_HELITRON_17--newFamily#CLASSII/HELITRON	100.000	587	0	0	1	587	1	587	0.0	1085
rnd-5_family-9324_inc#CLASSI/LTR/GYPSY	D.tristis_nanopore_D2_BELPAO_5--newFamily#CLASSI/LTR/BELPAO	100.000	63	0	0	7187	7249	5676	5738	1.42e-26	117
rnd-5_family-8117_inc#CLASSII/TIR	D.tristis_nanopore_D2_MITE_22--newFamily#CLASSII/MITE	100.000	761	0	0	110	870	1	761	0.0	1406
rnd-5_family-11239_inc#CLASSII/HELITRON	D.tristis_nanopore_D2_HELITRON_18--newFamily#CLASSII/HELITRON	100.000	321	0	0	1	321	1	321	3.77e-169	586
rnd-5_family-8746_inc#CLASSII/TIR	D.tristis_nanopore_D2_HELITRON_13--newFamily#CLASSII/HELITRON	89.911	783	34	9	763	1500	1614	832	0.0	968
rnd-5_family-8746_inc#CLASSII/TIR	D.tristis_nanopore_D2_HELITRON_11--newFamily#CLASSII/HELITRON	89.059	786	45	7	764	1509	1700	916	0.0	939
rnd-5_family-8746_inc#CLASSII/TIR	FBte0000823#CLASSII/MITE	88.787	767	48	8	765	1495	765	1	0.0	913
rnd-5_family-8746_inc#CLASSII/TIR	D.tristis_nanopore_D2_LARD_2--newFamily#CLASSI/LTR/LARD	90.244	656	49	6	857	1500	2389	1737	0.0	843
rnd-5_family-8746_inc#CLASSII/TIR	D.tristis_nanopore_D2_LARD_1--newFamily#CLASSI/LTR/LARD	86.528	772	50	15	763	1494	2802	3559	0.0	800
rnd-5_family-8746_inc#CLASSII/TIR	D.tristis_nanopore_D2_HELITRON_8--newFamily#CLASSII/HELITRON	85.077	784	45	13	763	1501	1632	876	0.0	734
rnd-5_family-8746_inc#CLASSII/TIR	FBte0000823_3#CLASSI/LTR	90.702	484	24	8	763	1229	480	1	1.07e-179	625
rnd-5_family-8746_inc#CLASSII/TIR	FBte0000823_2#CLASSII/TIR	89.914	466	22	3	763	1203	466	1	3.04e-165	577
rnd-5_family-8746_inc#CLASSII/TIR	D.tristis_nanopore_D2_LARD_3--newFamily#CLASSI/LTR/LARD	94.203	138	6	2	1364	1501	1838	1703	1.28e-54	209
rnd-5_family-8746_inc#CLASSII/TIR	D.tristis_nanopore_D2_TRIM_1--newFamily#CLASSI/LTR/TRIM	83.710	221	30	5	1944	2163	3208	2993	5.94e-53	204
rnd-5_family-8746_inc#CLASSII/TIR	D.tristis_nanopore_D2_MITE_9--newFamily#CLASSII/MITE	91.129	124	7	4	3291	3411	474	596	2.80e-41	165
rnd-5_family-8746_inc#CLASSII/TIR	D.tristis_nanopore_D2_MITE_5--newFamily#CLASSII/MITE	96.875	64	2	0	1544	1607	1	64	4.79e-24	108
rnd-5_family-8746_inc#CLASSII/TIR	D.tristis_nanopore_D2_HELITRON_7--newFamily#CLASSII/HELITRON	98.000	50	1	0	2358	2407	1303	1254	6.24e-18	87.9
rnd-5_family-8447_inc#CLASSII/TIR	D.tristis_nanopore_D2_MITE_16--newFamily#CLASSII/MITE	90.909	187	15	2	3337	3523	55	239	6.51e-67	250
rnd-6_family-375_inc#CLASSI/LTR	D.tristis_nanopore_D2_BELPAO_8--newFamily#CLASSI/LTR/BELPAO	81.397	2290	378	34	1592	3860	2724	462	0.0	2025
rnd-6_family-375_inc#CLASSI/LTR	D.tristis_nanopore_D2_BELPAO_15--newFamily#CLASSI/LTR/BELPAO	83.587	658	99	8	847	1501	2980	3631	0.0	645
rnd-6_family-377_inc#CLASSI/LTR	D.tristis_nanopore_D2_BELPAO_13--newFamily#CLASSI/LTR/BELPAO	94.061	1970	94	10	1	1949	4378	2411	0.0	2968
rnd-6_family-377_inc#CLASSI/LTR	D.tristis_nanopore_D2_BELPAO_17--newFamily#CLASSI/LTR/BELPAO	93.404	1971	84	11	1	1949	4381	2435	0.0	2878
rnd-6_family-377_inc#CLASSI/LTR	D.tristis_nanopore_D2_BELPAO_6--newFamily#CLASSI/LTR/BELPAO	91.087	1122	70	14	3022	4122	1107	2219	0.0	1491
rnd-6_family-149_inc#CLASSI/LINE	FBte0000823_2#CLASSII/TIR	91.589	428	28	5	6848	7267	6	433	3.25e-167	584
rnd-6_family-149_inc#CLASSI/LINE	D.tristis_nanopore_D2_HELITRON_13--newFamily#CLASSII/HELITRON	91.101	427	30	5	6848	7267	1156	1581	7.04e-164	573
rnd-6_family-149_inc#CLASSI/LINE	FBte0000823#CLASSII/MITE	89.767	430	31	8	6848	7267	308	734	1.98e-154	542
rnd-6_family-149_inc#CLASSI/LINE	D.tristis_nanopore_D2_HELITRON_11--newFamily#CLASSII/HELITRON	89.486	428	37	5	6848	7267	1241	1668	9.23e-153	536
rnd-6_family-149_inc#CLASSI/LINE	D.tristis_nanopore_D2_LARD_2--newFamily#CLASSI/LTR/LARD	89.510	429	36	2	6848	7267	319	747	3.32e-152	534
rnd-6_family-149_inc#CLASSI/LINE	FBte0000823_3#CLASSI/LTR	88.345	429	29	8	6848	7267	31	447	1.57e-140	496
rnd-6_family-149_inc#CLASSI/LINE	D.tristis_nanopore_D2_LARD_1--newFamily#CLASSI/LTR/LARD	87.273	440	35	7	6848	7267	3273	2835	1.22e-136	483
rnd-6_family-149_inc#CLASSI/LINE	D.tristis_nanopore_D2_HELITRON_8--newFamily#CLASSII/HELITRON	86.957	437	33	9	6848	7267	3958	4387	9.50e-133	470
rnd-6_family-149_inc#CLASSI/LINE	D.tristis_nanopore_D2_LARD_3--newFamily#CLASSI/LTR/LARD	95.620	137	4	2	6596	6732	1704	1838	3.80e-57	219
rnd-6_family-149_inc#CLASSI/LINE	D.tristis_nanopore_D2_TRIM_1--newFamily#CLASSI/LTR/TRIM	90.909	132	11	1	6624	6755	3208	3078	2.32e-44	176
rnd-1_family-147#CLASSII/HELITRON	D.tristis_nanopore_D2_HELITRON_2--newFamily#CLASSII/HELITRON	97.744	665	4	8	1	657	662	1	0.0	1134
rnd-1_family-147#CLASSII/HELITRON	D.tristis_nanopore_D2_HELITRON_3--newFamily#CLASSII/HELITRON	99.688	321	0	1	1	320	2760	3080	8.55e-169	586
rnd-1_family-147#CLASSII/HELITRON	D.tristis_nanopore_D2_HELITRON_4--newFamily#CLASSII/HELITRON	92.953	298	12	1	1	298	289	1	1.97e-120	425
rnd-1_family-108#CLASSII/TIR	D.tristis_nanopore_D2_LARD_1--newFamily#CLASSI/LTR/LARD	92.683	82	1	2	506	583	2052	1972	1.47e-26	113
rnd-1_family-103_s_1#CLASSII/MITE	D.tristis_nanopore_D2_LARD_1--newFamily#CLASSI/LTR/LARD	98.321	655	6	2	1830	2480	1896	2549	0.0	1144
rnd-1_family-103_s_1#CLASSII/MITE	BEL-3_DYa-I#CLASSI/LTR	93.290	462	23	6	6641	7097	5859	5401	0.0	675
rnd-1_family-103_s_0#CLASSII/TIR	D.tristis_nanopore_D2_LARD_1--newFamily#CLASSI/LTR/LARD	92.511	227	14	3	97	320	757	983	1.71e-89	322
rnd-1_family-14#CLASSII/HELITRON	D.tristis_nanopore_D2_CMC_1--newFamily#CLASSII/TIR/CMC	97.931	725	5	5	3418	4136	2	722	0.0	1247
rnd-1_family-14#CLASSII/HELITRON	D.tristis_nanopore_D2_MITE_23--newFamily#CLASSII/MITE	90.692	419	15	6	422	820	14	428	7.74e-153	536
rnd-1_family-14#CLASSII/HELITRON	D.tristis_nanopore_D2_TRIM_1--newFamily#CLASSI/LTR/TRIM	88.101	437	30	17	3416	3845	427	6	1.02e-141	499
rnd-1_family-14#CLASSII/HELITRON	D.tristis_nanopore_D2_HELITRON_11--newFamily#CLASSII/HELITRON	88.372	344	30	6	3598	3939	1806	2141	1.04e-121	433
rnd-1_family-14#CLASSII/HELITRON	FBte0000823#CLASSII/MITE	86.139	101	8	5	4382	4480	7	103	9.30e-23	104
rnd-1_family-14#CLASSII/HELITRON	D.tristis_nanopore_D2_HELITRON_13--newFamily#CLASSII/HELITRON	85.149	101	9	5	4382	4480	843	939	4.33e-21	99.0
rnd-1_family-14#CLASSII/HELITRON	D.tristis_nanopore_D2_HELITRON_8--newFamily#CLASSII/HELITRON	85.149	101	9	5	4382	4480	889	985	4.33e-21	99.0
rnd-1_family-14#CLASSII/HELITRON	FBte0000823_3#CLASSI/LTR	88.608	79	8	1	109	186	290	368	5.60e-20	95.3
rnd-1_family-14#CLASSII/HELITRON	D.tristis_nanopore_D2_LARD_1--newFamily#CLASSI/LTR/LARD	94.118	51	2	1	4518	4568	171	122	2.03e-14	76.8
rnd-1_family-14#CLASSII/HELITRON	FBte0000823_2#CLASSII/TIR	95.556	45	2	0	140	184	306	350	2.62e-13	73.1
rnd-1_family-100#CLASSI/LTR	D.tristis_nanopore_D2_GYPSY_12--newFamily#CLASSI/LTR/GYPSY	100.000	7543	0	0	1	7543	1	7543	0.0	13930
rnd-1_family-57_s_1#CLASSII/HELITRON	D.tristis_nanopore_D2_HELITRON_13--newFamily#CLASSII/HELITRON	97.357	454	8	2	1	453	320	770	0.0	771
rnd-1_family-57_s_1#CLASSII/HELITRON	D.tristis_nanopore_D2_HELITRON_11--newFamily#CLASSII/HELITRON	96.522	460	9	3	1	454	1382	924	0.0	758
rnd-1_family-57_s_1#CLASSII/HELITRON	FBte0000823#CLASSII/MITE	96.674	451	11	3	2	448	451	1	0.0	752
rnd-1_family-57_s_1#CLASSII/HELITRON	D.tristis_nanopore_D2_LARD_2--newFamily#CLASSI/LTR/LARD	95.154	454	16	4	1	453	2185	1737	0.0	712
rnd-1_family-57_s_1#CLASSII/HELITRON	D.tristis_nanopore_D2_HELITRON_8--newFamily#CLASSII/HELITRON	90.769	455	14	8	1	453	1305	877	9.32e-168	582
rnd-1_family-57_s_1#CLASSII/HELITRON	D.tristis_nanopore_D2_LARD_1--newFamily#CLASSI/LTR/LARD	90.132	456	34	9	2	453	313	761	9.32e-168	582
rnd-1_family-57_s_1#CLASSII/HELITRON	D.tristis_nanopore_D2_HELITRON_7--newFamily#CLASSII/HELITRON	87.815	238	23	3	30	267	1236	1005	6.37e-75	274
rnd-1_family-57_s_1#CLASSII/HELITRON	FBte0000823_2#CLASSII/TIR	97.260	146	4	0	2	147	146	1	3.86e-67	248
rnd-1_family-57_s_1#CLASSII/HELITRON	FBte0000823_3#CLASSI/LTR	93.210	162	10	1	2	163	171	11	8.36e-64	237
rnd-1_family-57_s_1#CLASSII/HELITRON	D.tristis_nanopore_D2_LARD_3--newFamily#CLASSI/LTR/LARD	94.891	137	5	2	317	453	1838	1704	1.41e-56	213
rnd-1_family-57_s_1#CLASSII/HELITRON	D.tristis_nanopore_D2_TRIM_1--newFamily#CLASSI/LTR/TRIM	84.052	232	21	3	194	425	2993	3208	1.82e-55	209
rnd-1_family-57_s_1#CLASSII/HELITRON	D.tristis_nanopore_D2_MITE_3--newFamily#CLASSII/MITE	98.000	100	1	1	473	572	523	425	2.39e-44	172
rnd-1_family-57_s_0#CLASSI/LINE	D.tristis_nanopore_D2_MITE_3--newFamily#CLASSII/MITE	97.980	99	1	1	87	185	522	425	2.64e-44	171
rnd-1_family-60_s_0#CLASSII/TIR	D.tristis_nanopore_D2_LARD_1--newFamily#CLASSI/LTR/LARD	93.243	74	1	1	507	576	2046	1973	2.37e-24	106
rnd-1_family-97_s_2#CLASSI/LTR	D.tristis_nanopore_D2_GYPSY_12--newFamily#CLASSI/LTR/GYPSY	78.727	1791	335	30	1849	3622	2767	1006	0.0	1155
rnd-1_family-97_s_2#CLASSI/LTR	LOA-1_DPer_duplicate1#CLASSI/LINE/R1	100.000	30	0	0	4646	4675	3000	2971	2.11e-08	56.5
rnd-1_family-33_s_2#CLASSII/TIR	FBte0000823_2#CLASSII/TIR	100.000	481	0	0	1	481	1	481	0.0	889
rnd-1_family-33_s_2#CLASSII/TIR	D.tristis_nanopore_D2_HELITRON_13--newFamily#CLASSII/HELITRON	97.002	467	12	2	1	467	1151	1615	0.0	785
rnd-1_family-33_s_2#CLASSII/TIR	D.tristis_nanopore_D2_HELITRON_11--newFamily#CLASSII/HELITRON	95.329	471	20	2	1	470	1236	1705	0.0	749
rnd-1_family-33_s_2#CLASSII/TIR	FBte0000823#CLASSII/MITE	95.717	467	13	6	1	464	303	765	0.0	749
rnd-1_family-33_s_2#CLASSII/TIR	FBte0000823_3#CLASSI/LTR	93.562	466	19	4	1	466	26	480	0.0	684
rnd-1_family-33_s_2#CLASSII/TIR	D.tristis_nanopore_D2_LARD_2--newFamily#CLASSI/LTR/LARD	91.786	487	33	5	1	483	314	797	0.0	671
rnd-1_family-33_s_2#CLASSII/TIR	D.tristis_nanopore_D2_LARD_1--newFamily#CLASSI/LTR/LARD	91.942	484	24	3	1	471	3278	2797	0.0	664
rnd-1_family-33_s_2#CLASSII/TIR	D.tristis_nanopore_D2_HELITRON_8--newFamily#CLASSII/HELITRON	90.605	479	24	8	1	467	1164	1633	1.34e-177	616
rnd-1_family-33_s_2#CLASSII/TIR	D.tristis_nanopore_D2_TRIM_1--newFamily#CLASSI/LTR/TRIM	84.000	225	31	2	46	269	2994	2774	7.39e-56	211
rnd-1_family-33_s_2#CLASSII/TIR	D.tristis_nanopore_D2_HELITRON_7--newFamily#CLASSII/HELITRON	96.825	63	2	0	405	467	1241	1303	3.59e-24	106
rnd-1_family-33_s_0#CLASSI/LINE	D.tristis_nanopore_D2_TRIM_1--newFamily#CLASSI/LTR/TRIM	79.050	358	55	14	143	491	4940	5286	4.40e-61	228
rnd-1_family-33_s_0#CLASSI/LINE	D.tristis_nanopore_D2_HELITRON_11--newFamily#CLASSII/HELITRON	75.814	215	46	6	140	352	2016	1806	9.94e-28	117
rnd-1_family-126_s_1#CLASSII/MITE	D.tristis_nanopore_D2_LARD_1--newFamily#CLASSI/LTR/LARD	97.710	655	10	2	6340	6990	2549	1896	0.0	1122
rnd-1_family-126_s_1#CLASSII/MITE	BEL-3_DYa-I#CLASSI/LTR	92.857	462	25	6	5948	6404	5401	5859	0.0	664
rnd-1_family-168_s_1#CLASSI/LTR	D.tristis_nanopore_D2_BELPAO_11--newFamily#CLASSI/LTR/BELPAO	93.992	982	27	11	1	980	952	1	0.0	1458
rnd-1_family-168_s_1#CLASSI/LTR	D.tristis_nanopore_D2_BELPAO_8--newFamily#CLASSI/LTR/BELPAO	82.396	551	62	24	1	530	5580	6116	6.05e-127	448
rnd-1_family-168_s_1#CLASSI/LTR	D.tristis_nanopore_D2_HELITRON_7--newFamily#CLASSII/HELITRON	85.321	109	13	3	501	608	2263	2369	3.24e-25	110
rnd-1_family-190_s_0_s_2#CLASSI/LTR	D.tristis_nanopore_D2_GYPSY_12--newFamily#CLASSI/LTR/GYPSY	99.625	3464	9	4	1	3461	3473	6935	0.0	6322
rnd-1_family-207#CLASSI/LTR	D.tristis_nanopore_D2_MITE_15--newFamily#CLASSII/MITE	100.000	366	0	0	1	366	1	366	0.0	676
rnd-1_family-221_s_1#CLASSI/LTR	D.tristis_nanopore_D2_HELITRON_7--newFamily#CLASSII/HELITRON	86.807	379	29	18	4278	4645	1305	1673	7.02e-113	403
rnd-1_family-221_s_1#CLASSI/LTR	D.tristis_nanopore_D2_BELPAO_14--newFamily#CLASSI/LTR/BELPAO	74.955	551	133	5	1007	1555	3984	3437	3.48e-66	248
rnd-1_family-259#CLASSII/MITE	D.tristis_nanopore_D2_MITE_16--newFamily#CLASSII/MITE	100.000	579	0	0	1	579	1	579	0.0	1070
rnd-1_family-377_s_2#CLASSII/MAVERICK	D.tristis_nanopore_D2_MAVERICK_1--newFamily#CLASSII/MAVERICK	100.000	8784	0	0	1	8784	1	8784	0.0	16222
rnd-1_family-377_s_2#CLASSII/MAVERICK	D.tristis_nanopore_D2_MAVERICK_2--newFamily#CLASSII/MAVERICK	99.930	8528	4	2	1	8528	7707	16232	0.0	15714
rnd-1_family-394#CLASSI/LTR	D.tristis_nanopore_D2_MITE_17--newFamily#CLASSII/MITE	100.000	1295	0	0	1	1295	1	1295	0.0	2392
rnd-1_family-445#CLASSII/MITE	D.tristis_nanopore_D2_MITE_18--newFamily#CLASSII/MITE	100.000	978	0	0	1	978	1	978	0.0	1807
rnd-1_family-445#CLASSII/MITE	D.tristis_nanopore_D2_MITE_2--newFamily#CLASSII/MITE	92.843	1034	15	14	2	978	1033	2	0.0	1445
rnd-1_family-445#CLASSII/MITE	D.tristis_nanopore_D2_MITE_19--newFamily#CLASSII/MITE	93.051	590	1	4	411	978	376	947	0.0	826
rnd-1_family-518_s_0#CLASSI/LINE	Kiri-2_DPer#CLASSI/LINE/L2	96.000	125	2	3	6	127	1199	1075	2.09e-53	200
rnd-1_family-532#CLASSI/LTR	D.tristis_nanopore_D2_BELPAO_15--newFamily#CLASSI/LTR/BELPAO	89.209	139	11	2	1	138	477	612	1.08e-46	178
rnd-1_family-560_s_2#CLASSI/LTR	FBte0000823_3#CLASSI/LTR	100.000	493	0	0	1	493	1	493	0.0	911
rnd-1_family-560_s_2#CLASSI/LTR	D.tristis_nanopore_D2_HELITRON_13--newFamily#CLASSII/HELITRON	92.723	481	23	7	11	480	1135	1614	0.0	686
rnd-1_family-560_s_2#CLASSI/LTR	FBte0000823_2#CLASSII/TIR	93.562	466	19	4	26	480	1	466	0.0	684
rnd-1_family-560_s_2#CLASSI/LTR	FBte0000823#CLASSII/MITE	91.909	482	22	10	11	478	287	765	0.0	662
rnd-1_family-560_s_2#CLASSI/LTR	D.tristis_nanopore_D2_HELITRON_11--newFamily#CLASSII/HELITRON	91.476	481	29	7	11	479	1220	1700	0.0	652
rnd-1_family-560_s_2#CLASSI/LTR	D.tristis_nanopore_D2_LARD_1--newFamily#CLASSI/LTR/LARD	89.271	494	28	12	11	480	3294	2802	1.27e-171	595
rnd-1_family-560_s_2#CLASSI/LTR	D.tristis_nanopore_D2_LARD_2--newFamily#CLASSI/LTR/LARD	88.797	482	41	5	12	480	299	780	1.28e-166	579
rnd-1_family-560_s_2#CLASSI/LTR	D.tristis_nanopore_D2_HELITRON_8--newFamily#CLASSII/HELITRON	87.576	491	34	9	11	480	1148	1632	4.67e-156	544
rnd-1_family-560_s_2#CLASSI/LTR	D.tristis_nanopore_D2_HELITRON_7--newFamily#CLASSII/HELITRON	95.161	62	3	0	419	480	1241	1302	4.37e-22	99.0
rnd-1_family-591_s_0#CLASSI/LTR	BEL-2_DPer-I#CLASSI/LTR/BELPAO	93.182	396	14	7	5	387	2156	2551	5.00e-164	569
rnd-4_family-688_s_2#CLASSI/LINE	D.tristis_nanopore_D2_TRIM_1--newFamily#CLASSI/LTR/TRIM	74.750	400	77	17	173	561	4940	5326	6.48e-40	158
rnd-4_family-688_s_2#CLASSI/LINE	D.tristis_nanopore_D2_HELITRON_11--newFamily#CLASSII/HELITRON	75.330	227	39	12	45	263	2141	1924	5.12e-26	111
rnd-6_family-41#CLASSII/MITE	D.tristis_nanopore_D2_CMC_1--newFamily#CLASSII/TIR/CMC	100.000	3616	0	0	1	3616	1	3616	0.0	6678
rnd-6_family-41#CLASSII/MITE	D.tristis_nanopore_D2_TRIM_1--newFamily#CLASSI/LTR/TRIM	88.532	436	29	16	2	432	425	6	9.99e-145	508
rnd-6_family-41#CLASSII/MITE	D.tristis_nanopore_D2_HELITRON_11--newFamily#CLASSII/HELITRON	88.372	344	29	5	3074	3414	2141	1806	2.22e-121	431
rnd-1_family-10_unconfirmed#CLASSI/LTR	D.tristis_nanopore_D2_HELITRON_13--newFamily#CLASSII/HELITRON	95.320	406	10	2	3701	4097	771	366	0.0	638
rnd-1_family-10_unconfirmed#CLASSI/LTR	FBte0000823#CLASSII/MITE	95.761	401	4	6	3707	4094	1	401	0.0	634
rnd-1_family-10_unconfirmed#CLASSI/LTR	D.tristis_nanopore_D2_HELITRON_11--newFamily#CLASSII/HELITRON	93.154	409	12	10	3702	4094	925	1333	5.19e-169	590
rnd-1_family-10_unconfirmed#CLASSI/LTR	D.tristis_nanopore_D2_LARD_2--newFamily#CLASSI/LTR/LARD	92.365	406	14	5	3701	4094	1736	2136	1.13e-160	562
rnd-1_family-10_unconfirmed#CLASSI/LTR	D.tristis_nanopore_D2_LARD_1--newFamily#CLASSI/LTR/LARD	91.811	403	12	2	3708	4097	3559	3165	1.48e-154	542
rnd-1_family-10_unconfirmed#CLASSI/LTR	D.tristis_nanopore_D2_HELITRON_8--newFamily#CLASSII/HELITRON	88.834	403	15	8	3700	4094	876	1256	2.54e-132	468
rnd-1_family-10_unconfirmed#CLASSI/LTR	D.tristis_nanopore_D2_TRIM_1--newFamily#CLASSI/LTR/TRIM	87.330	221	23	2	3730	3950	3208	2993	3.60e-66	248
rnd-1_family-10_unconfirmed#CLASSI/LTR	D.tristis_nanopore_D2_HELITRON_7--newFamily#CLASSII/HELITRON	86.239	218	24	3	175	392	1005	1216	3.63e-61	231
rnd-1_family-10_unconfirmed#CLASSI/LTR	D.tristis_nanopore_D2_LARD_3--newFamily#CLASSI/LTR/LARD	96.324	136	4	1	1	136	1704	1838	2.18e-58	222
rnd-1_family-10_unconfirmed#CLASSI/LTR	FBte0000823_2#CLASSII/TIR	92.562	121	4	1	295	410	1	121	2.88e-42	169
rnd-1_family-10_unconfirmed#CLASSI/LTR	FBte0000823_3#CLASSI/LTR	92.105	114	8	1	279	392	11	123	1.74e-39	159
rnd-1_family-99_unconfirmed#CLASSII/TIR	D.tristis_nanopore_D2_MITE_23--newFamily#CLASSII/MITE	100.000	703	0	0	1	703	1	703	0.0	1299
rnd-1_family-7_unconfirmed#CLASSI/LTR	D.tristis_nanopore_D2_HELITRON_13--newFamily#CLASSII/HELITRON	94.054	740	37	5	3206	3943	1566	832	0.0	1120
rnd-1_family-7_unconfirmed#CLASSI/LTR	D.tristis_nanopore_D2_HELITRON_11--newFamily#CLASSII/HELITRON	93.387	741	34	10	3206	3943	1653	925	0.0	1086
rnd-1_family-7_unconfirmed#CLASSI/LTR	D.tristis_nanopore_D2_LARD_2--newFamily#CLASSI/LTR/LARD	90.836	742	52	12	3206	3941	732	1	0.0	979
rnd-1_family-7_unconfirmed#CLASSI/LTR	FBte0000823#CLASSII/MITE	90.921	738	43	12	3206	3938	719	1	0.0	977
rnd-1_family-7_unconfirmed#CLASSI/LTR	D.tristis_nanopore_D2_HELITRON_8--newFamily#CLASSII/HELITRON	87.600	750	40	22	3206	3944	1584	877	0.0	821
rnd-1_family-7_unconfirmed#CLASSI/LTR	D.tristis_nanopore_D2_LARD_1--newFamily#CLASSI/LTR/LARD	87.045	741	58	15	3206	3943	56	761	0.0	802
rnd-1_family-7_unconfirmed#CLASSI/LTR	FBte0000823_2#CLASSII/TIR	91.924	421	29	4	3206	3624	418	1	1.96e-167	584
rnd-1_family-7_unconfirmed#CLASSI/LTR	FBte0000823_3#CLASSI/LTR	88.787	437	32	9	3206	3640	432	11	5.61e-148	520
rnd-1_family-7_unconfirmed#CLASSI/LTR	D.tristis_nanopore_D2_HELITRON_7--newFamily#CLASSII/HELITRON	87.448	239	24	3	3507	3745	1236	1004	6.24e-73	270
rnd-1_family-7_unconfirmed#CLASSI/LTR	D.tristis_nanopore_D2_LARD_3--newFamily#CLASSI/LTR/LARD	94.891	137	5	2	1056	1192	1838	1704	1.07e-55	213
rnd-1_family-7_unconfirmed#CLASSI/LTR	D.tristis_nanopore_D2_TRIM_1--newFamily#CLASSI/LTR/TRIM	83.562	219	19	4	946	1164	3007	3208	1.80e-48	189
rnd-1_family-7_unconfirmed#CLASSI/LTR	LOA-1_DPer_duplicate1#CLASSI/LINE/R1	81.988	161	27	2	2301	2460	2717	2876	2.38e-32	135
rnd-1_family-71_s_2_unconfirmed#CLASSI/LTR	D.tristis_nanopore_D2_HELITRON_13--newFamily#CLASSII/HELITRON	95.320	406	10	2	4134	4530	771	366	0.0	638
rnd-1_family-71_s_2_unconfirmed#CLASSI/LTR	FBte0000823#CLASSII/MITE	95.761	401	4	6	430	817	1	401	0.0	634
rnd-1_family-71_s_2_unconfirmed#CLASSI/LTR	D.tristis_nanopore_D2_HELITRON_11--newFamily#CLASSII/HELITRON	93.154	409	12	10	425	817	925	1333	4.54e-169	590
rnd-1_family-71_s_2_unconfirmed#CLASSI/LTR	D.tristis_nanopore_D2_LARD_2--newFamily#CLASSI/LTR/LARD	92.365	406	14	5	424	817	1736	2136	9.90e-161	562
rnd-1_family-71_s_2_unconfirmed#CLASSI/LTR	D.tristis_nanopore_D2_LARD_1--newFamily#CLASSI/LTR/LARD	91.811	403	12	2	4141	4530	3559	3165	1.29e-154	542
rnd-1_family-71_s_2_unconfirmed#CLASSI/LTR	D.tristis_nanopore_D2_HELITRON_8--newFamily#CLASSII/HELITRON	88.834	403	15	8	423	817	876	1256	2.22e-132	468
rnd-1_family-71_s_2_unconfirmed#CLASSI/LTR	D.tristis_nanopore_D2_TRIM_1--newFamily#CLASSI/LTR/TRIM	87.330	221	23	2	4163	4383	3208	2993	3.15e-66	248
rnd-1_family-71_s_2_unconfirmed#CLASSI/LTR	D.tristis_nanopore_D2_HELITRON_7--newFamily#CLASSII/HELITRON	86.239	218	24	3	600	817	1005	1216	3.17e-61	231
rnd-1_family-71_s_2_unconfirmed#CLASSI/LTR	D.tristis_nanopore_D2_LARD_3--newFamily#CLASSI/LTR/LARD	95.000	140	5	2	422	561	1701	1838	2.47e-57	219
rnd-1_family-71_s_2_unconfirmed#CLASSI/LTR	FBte0000823_2#CLASSII/TIR	92.562	121	4	1	720	835	1	121	2.52e-42	169
rnd-1_family-71_s_2_unconfirmed#CLASSI/LTR	FBte0000823_3#CLASSI/LTR	92.105	114	8	1	704	817	11	123	1.52e-39	159
rnd-1_family-158_unconfirmed#CLASSI/LTR	D.tristis_nanopore_D2_MITE_20--newFamily#CLASSII/MITE	93.899	377	10	6	628	991	1330	954	1.03e-158	556
rnd-1_family-158_unconfirmed#CLASSI/LTR	D.tristis_nanopore_D2_HELITRON_13--newFamily#CLASSII/HELITRON	81.315	289	37	13	1386	1666	1221	1500	5.53e-57	219
rnd-1_family-158_unconfirmed#CLASSI/LTR	FBte0000823_2#CLASSII/TIR	80.756	291	34	16	1386	1665	71	350	1.20e-53	207
rnd-1_family-158_unconfirmed#CLASSI/LTR	D.tristis_nanopore_D2_HELITRON_11--newFamily#CLASSII/HELITRON	79.795	292	37	15	1386	1666	1306	1586	9.31e-50	195
rnd-1_family-158_unconfirmed#CLASSI/LTR	FBte0000823#CLASSII/MITE	79.863	293	36	16	1386	1666	374	655	9.31e-50	195
rnd-1_family-158_unconfirmed#CLASSI/LTR	D.tristis_nanopore_D2_LARD_1--newFamily#CLASSI/LTR/LARD	77.961	304	36	20	4582	4876	388	107	9.44e-40	161
rnd-1_family-223_s_1#CLASSI/LINE	FBte0000823#CLASSII/MITE	94.010	768	31	8	3637	4393	765	2	0.0	1157
rnd-1_family-223_s_1#CLASSI/LINE	D.tristis_nanopore_D2_HELITRON_11--newFamily#CLASSII/HELITRON	93.478	782	35	9	3627	4393	1711	931	0.0	1151
rnd-1_family-223_s_1#CLASSI/LINE	D.tristis_nanopore_D2_HELITRON_13--newFamily#CLASSII/HELITRON	93.117	770	37	8	3634	4393	1	764	0.0	1118
rnd-1_family-223_s_1#CLASSI/LINE	D.tristis_nanopore_D2_CMC_1--newFamily#CLASSII/TIR/CMC	95.030	664	3	10	5386	6020	663	1	0.0	1016
rnd-1_family-223_s_1#CLASSI/LINE	D.tristis_nanopore_D2_LARD_2--newFamily#CLASSI/LTR/LARD	90.409	782	55	8	3631	4393	785	5	0.0	1011
rnd-1_family-223_s_1#CLASSI/LINE	D.tristis_nanopore_D2_LARD_1--newFamily#CLASSI/LTR/LARD	89.172	785	41	12	3631	4393	2797	3559	0.0	939
rnd-1_family-223_s_1#CLASSI/LINE	D.tristis_nanopore_D2_HELITRON_8--newFamily#CLASSII/HELITRON	88.318	779	42	12	3634	4393	4421	3673	0.0	889
rnd-1_family-223_s_1#CLASSI/LINE	FBte0000823_2#CLASSII/TIR	93.843	471	19	5	3631	4092	470	1	0.0	701
rnd-1_family-223_s_1#CLASSI/LINE	FBte0000823_3#CLASSI/LTR	92.437	476	28	7	3635	4108	480	11	0.0	673
rnd-1_family-223_s_1#CLASSI/LINE	D.tristis_nanopore_D2_TRIM_1--newFamily#CLASSI/LTR/TRIM	88.399	431	33	13	5595	6019	6	425	1.56e-142	503
rnd-1_family-223_s_1#CLASSI/LINE	D.tristis_nanopore_D2_HELITRON_7--newFamily#CLASSII/HELITRON	86.555	238	26	3	3975	4212	1236	1005	1.34e-68	257
rnd-1_family-223_s_1#CLASSI/LINE	D.tristis_nanopore_D2_LARD_3--newFamily#CLASSI/LTR/LARD	94.531	128	6	1	4263	4390	1838	1712	2.97e-50	196
rnd-1_family-226_s_1#CLASSII/HELITRON	D.tristis_nanopore_D2_HELITRON_7--newFamily#CLASSII/HELITRON	100.000	8037	0	0	1	8037	1	8037	0.0	14842
rnd-1_family-226_s_1#CLASSII/HELITRON	D.tristis_nanopore_D2_GYPSY_9--newFamily#CLASSI/LTR/GYPSY	94.158	736	24	4	5560	6293	719	1	0.0	1103
rnd-1_family-226_s_1#CLASSII/HELITRON	D.tristis_nanopore_D2_HELITRON_6--newFamily#CLASSII/HELITRON	97.731	617	12	2	6766	7381	1681	1066	0.0	1061
rnd-1_family-226_s_1#CLASSII/HELITRON	D.tristis_nanopore_D2_HELITRON_4--newFamily#CLASSII/HELITRON	97.083	617	15	3	6766	7381	2840	2226	0.0	1037
rnd-1_family-226_s_1#CLASSII/HELITRON	D.tristis_nanopore_D2_HELITRON_9--newFamily#CLASSII/HELITRON	94.118	374	17	1	6394	6762	2108	1735	4.68e-161	564
rnd-1_family-226_s_1#CLASSII/HELITRON	D.tristis_nanopore_D2_HELITRON_3--newFamily#CLASSII/HELITRON	98.046	307	6	0	703	1009	501	807	3.67e-152	534
rnd-1_family-226_s_1#CLASSII/HELITRON	D.tristis_nanopore_D2_HELITRON_13--newFamily#CLASSII/HELITRON	88.235	238	22	3	1005	1236	1031	1268	1.90e-75	279
rnd-1_family-226_s_1#CLASSII/HELITRON	D.tristis_nanopore_D2_HELITRON_11--newFamily#CLASSII/HELITRON	86.235	247	29	3	1005	1246	358	604	4.11e-72	268
rnd-1_family-226_s_1#CLASSII/HELITRON	FBte0000823#CLASSII/MITE	86.475	244	26	4	1005	1241	183	426	1.91e-70	263
rnd-1_family-226_s_1#CLASSII/HELITRON	D.tristis_nanopore_D2_LARD_2--newFamily#CLASSI/LTR/LARD	84.937	239	28	5	1005	1236	194	431	4.17e-62	235
rnd-1_family-226_s_1#CLASSII/HELITRON	D.tristis_nanopore_D2_LARD_1--newFamily#CLASSI/LTR/LARD	85.388	219	24	5	4214	4425	549	332	1.17e-57	220
rnd-1_family-226_s_1#CLASSII/HELITRON	D.tristis_nanopore_D2_HELITRON_8--newFamily#CLASSII/HELITRON	83.333	186	20	5	1057	1236	1096	1276	7.18e-40	161
rnd-1_family-226_s_1#CLASSII/HELITRON	D.tristis_nanopore_D2_BELPAO_11--newFamily#CLASSI/LTR/BELPAO	85.321	109	13	3	5453	5559	454	347	2.64e-24	110
rnd-1_family-226_s_1#CLASSII/HELITRON	FBte0000823_2#CLASSII/TIR	96.825	63	2	0	1241	1303	405	467	3.41e-23	106
rnd-1_family-226_s_1#CLASSII/HELITRON	FBte0000823_3#CLASSI/LTR	95.161	62	3	0	1241	1302	419	480	5.71e-21	99.0
rnd-1_family-375_unconfirmed#CLASSII/TIR	D.tristis_nanopore_D2_MITE_24--newFamily#CLASSII/MITE	100.000	793	0	0	1	793	1	793	0.0	1465
rnd-1_family-511_s_1#CLASSI/LTR	FBte0000823#CLASSII/MITE	94.805	770	28	7	397	1159	1	765	0.0	1197
rnd-1_family-511_s_1#CLASSI/LTR	D.tristis_nanopore_D2_HELITRON_13--newFamily#CLASSII/HELITRON	93.384	786	33	12	391	1160	831	1613	0.0	1147
rnd-1_family-511_s_1#CLASSI/LTR	D.tristis_nanopore_D2_HELITRON_11--newFamily#CLASSII/HELITRON	92.555	779	45	10	392	1160	925	1700	0.0	1109
rnd-1_family-511_s_1#CLASSI/LTR	D.tristis_nanopore_D2_LARD_1--newFamily#CLASSI/LTR/LARD	90.206	776	44	7	398	1160	3559	2803	0.0	983
rnd-1_family-511_s_1#CLASSI/LTR	D.tristis_nanopore_D2_LARD_2--newFamily#CLASSI/LTR/LARD	89.629	781	65	6	394	1160	1	779	0.0	979
rnd-1_family-511_s_1#CLASSI/LTR	D.tristis_nanopore_D2_HELITRON_8--newFamily#CLASSII/HELITRON	88.235	782	52	11	392	1160	877	1631	0.0	898
rnd-1_family-511_s_1#CLASSI/LTR	FBte0000823_2#CLASSII/TIR	96.781	466	14	1	695	1160	1	465	0.0	776
rnd-1_family-511_s_1#CLASSI/LTR	FBte0000823_3#CLASSI/LTR	90.737	475	32	5	686	1160	17	479	3.71e-179	623
rnd-1_family-511_s_1#CLASSI/LTR	D.tristis_nanopore_D2_HELITRON_7--newFamily#CLASSII/HELITRON	87.448	239	22	5	575	812	1005	1236	2.00e-72	268
rnd-1_family-511_s_1#CLASSI/LTR	D.tristis_nanopore_D2_TRIM_1--newFamily#CLASSI/LTR/TRIM	85.650	223	19	4	420	642	3208	2999	1.58e-58	222
rnd-1_family-511_s_1#CLASSI/LTR	D.tristis_nanopore_D2_LARD_3--newFamily#CLASSI/LTR/LARD	95.620	137	4	2	392	528	1704	1838	2.05e-57	219
rnd-1_family-533_unconfirmed#CLASSII/TIR	D.tristis_nanopore_D2_MITE_25--newFamily#CLASSII/MITE	100.000	349	0	0	1	349	1	349	0.0	645
rnd-1_family-543#CLASSI/LTR	D.tristis_nanopore_D2_BELPAO_16--newFamily#CLASSI/LTR/BELPAO	99.176	849	4	3	3438	4283	1950	2798	0.0	1526
rnd-1_family-543#CLASSI/LTR	BEL-3_DYa-I#CLASSI/LTR	96.756	524	14	3	2912	3433	194	716	0.0	870
rnd-1_family-543#CLASSI/LTR	D.tristis_nanopore_D2_GYPSY_3--newFamily#CLASSI/LTR/GYPSY	97.122	278	8	0	5	282	350	73	5.58e-133	470
rnd-1_family-543#CLASSI/LTR	D.tristis_nanopore_D2_LARD_1--newFamily#CLASSI/LTR/LARD	96.053	76	3	0	2123	2198	2549	2474	5.01e-29	124
rnd-1_family-552#CLASSI	D.tristis_nanopore_D2_LARD_1--newFamily#CLASSI/LTR/LARD	92.857	42	3	0	2133	2174	1	42	3.05e-10	62.1
rnd-1_family-575_s_2_unconfirmed#CLASSI/LTR	D.tristis_nanopore_D2_MITE_26--newFamily#CLASSII/MITE	100.000	620	0	0	1	620	1	620	0.0	1146
rnd-1_family-577_unconfirmed#CLASSI/LTR	D.tristis_nanopore_D2_HELITRON_13--newFamily#CLASSII/HELITRON	91.734	617	25	13	649	1248	1439	832	0.0	835
rnd-1_family-577_unconfirmed#CLASSI/LTR	D.tristis_nanopore_D2_HELITRON_11--newFamily#CLASSII/HELITRON	90.453	618	31	14	649	1252	1524	921	0.0	793
rnd-1_family-577_unconfirmed#CLASSI/LTR	D.tristis_nanopore_D2_LARD_2--newFamily#CLASSI/LTR/LARD	90.180	611	38	12	649	1246	602	1	0.0	776
rnd-1_family-577_unconfirmed#CLASSI/LTR	FBte0000823#CLASSII/MITE	89.655	609	33	14	649	1243	593	1	0.0	756
rnd-1_family-577_unconfirmed#CLASSI/LTR	D.tristis_nanopore_D2_HELITRON_8--newFamily#CLASSII/HELITRON	86.290	620	22	26	650	1252	1445	872	6.42e-177	616
rnd-1_family-577_unconfirmed#CLASSI/LTR	D.tristis_nanopore_D2_LARD_1--newFamily#CLASSI/LTR/LARD	85.096	624	57	22	631	1248	168	761	1.39e-173	604
rnd-1_family-577_unconfirmed#CLASSI/LTR	FBte0000823_2#CLASSII/TIR	89.761	293	13	8	649	928	289	1	1.19e-99	359
rnd-1_family-577_unconfirmed#CLASSI/LTR	FBte0000823_3#CLASSI/LTR	85.113	309	25	11	649	944	311	11	9.49e-81	296
rnd-1_family-577_unconfirmed#CLASSI/LTR	D.tristis_nanopore_D2_LARD_3--newFamily#CLASSI/LTR/LARD	95.620	137	4	2	1112	1248	1838	1704	2.11e-57	219
rnd-1_family-577_unconfirmed#CLASSI/LTR	D.tristis_nanopore_D2_TRIM_1--newFamily#CLASSI/LTR/TRIM	90.909	132	11	1	1089	1220	3078	3208	1.29e-44	176
rnd-4_family-712_unconfirmed#CLASSI/LTR	D.tristis_nanopore_D2_HELITRON_13--newFamily#CLASSII/HELITRON	84.496	258	31	2	1245	1493	1283	1026	8.42e-66	246
rnd-4_family-712_unconfirmed#CLASSI/LTR	D.tristis_nanopore_D2_LARD_1--newFamily#CLASSI/LTR/LARD	92.593	81	2	1	1951	2027	1972	2052	8.91e-26	113
rnd-4_family-712_unconfirmed#CLASSI/LTR	D.tristis_nanopore_D2_TRIM_1--newFamily#CLASSI/LTR/TRIM	87.640	89	11	0	1415	1503	2993	3081	5.36e-23	104
rnd-5_family-4710_unconfirmed#CLASSII/TIR	D.tristis_nanopore_D2_MITE_27--newFamily#CLASSII/MITE	100.000	543	0	0	1	543	1	543	0.0	1003
rnd-5_family-4784#CLASSI	D.tristis_nanopore_D2_JOCKEY_4--newFamily#CLASSI/LINE/JOCKEY	100.000	3632	0	0	3581	7212	1	3632	0.0	6708
rnd-5_family-4900_unconfirmed#CLASSII/TIR	D.tristis_nanopore_D2_MITE_25--newFamily#CLASSII/MITE	100.000	188	0	0	176	363	202	15	2.21e-97	348
rnd-5_family-9082_unconfirmed#CLASSII/TIR	D.tristis_nanopore_D2_MITE_28--newFamily#CLASSII/MITE	100.000	1032	0	0	1	1032	1	1032	0.0	1906
rnd-5_family-859_unconfirmed#CLASSI/LTR	D.tristis_nanopore_D2_TRIM_1--newFamily#CLASSI/LTR/TRIM	100.000	9085	0	0	1	9085	1	9085	0.0	16777
rnd-5_family-859_unconfirmed#CLASSI/LTR	D.tristis_nanopore_D2_CMC_1--newFamily#CLASSII/TIR/CMC	88.684	433	28	16	9	425	429	2	2.52e-144	508
rnd-5_family-859_unconfirmed#CLASSI/LTR	D.tristis_nanopore_D2_HELITRON_11--newFamily#CLASSII/HELITRON	85.973	221	23	6	40	258	2013	1799	7.83e-65	244
rnd-5_family-859_unconfirmed#CLASSI/LTR	D.tristis_nanopore_D2_HELITRON_13--newFamily#CLASSII/HELITRON	84.932	219	28	2	7680	7894	1413	1196	1.71e-56	217
rnd-5_family-859_unconfirmed#CLASSI/LTR	FBte0000823_2#CLASSII/TIR	84.475	219	29	2	7680	7894	263	46	7.95e-55	211
rnd-5_family-859_unconfirmed#CLASSI/LTR	FBte0000823#CLASSII/MITE	83.700	227	20	8	7899	8108	250	24	6.19e-51	198
rnd-5_family-859_unconfirmed#CLASSI/LTR	D.tristis_nanopore_D2_HELITRON_8--newFamily#CLASSII/HELITRON	91.667	132	10	1	7978	8108	1037	906	6.23e-46	182
rnd-5_family-859_unconfirmed#CLASSI/LTR	D.tristis_nanopore_D2_LARD_2--newFamily#CLASSI/LTR/LARD	81.938	227	24	4	7899	8108	1991	1765	2.90e-44	176
rnd-5_family-859_unconfirmed#CLASSI/LTR	D.tristis_nanopore_D2_LARD_3--newFamily#CLASSI/LTR/LARD	90.826	109	10	0	8000	8108	1838	1730	2.27e-35	147
rnd-5_family-798#CLASSI/LTR	D.tristis_nanopore_D2_HELITRON_13--newFamily#CLASSII/HELITRON	86.447	273	32	3	262	529	498	770	7.22e-80	294
rnd-5_family-798#CLASSI/LTR	FBte0000823#CLASSII/MITE	86.347	271	29	5	4525	4787	271	1	3.36e-78	289
rnd-5_family-798#CLASSI/LTR	D.tristis_nanopore_D2_HELITRON_11--newFamily#CLASSII/HELITRON	85.409	281	29	6	4525	4793	1204	924	5.62e-76	281
rnd-5_family-798#CLASSI/LTR	D.tristis_nanopore_D2_HELITRON_8--newFamily#CLASSII/HELITRON	89.238	223	19	3	4575	4792	1099	877	9.41e-74	274
rnd-5_family-798#CLASSI/LTR	D.tristis_nanopore_D2_LARD_2--newFamily#CLASSI/LTR/LARD	82.175	331	45	8	4475	4792	2066	1737	3.38e-73	272
rnd-5_family-798#CLASSI/LTR	D.tristis_nanopore_D2_LARD_1--newFamily#CLASSI/LTR/LARD	85.156	256	34	3	268	523	3308	3559	2.63e-69	259
rnd-5_family-798#CLASSI/LTR	D.tristis_nanopore_D2_MITE_4--newFamily#CLASSII/MITE	92.000	175	9	1	847	1016	1	175	9.54e-64	241
rnd-5_family-798#CLASSI/LTR	D.tristis_nanopore_D2_LARD_3--newFamily#CLASSI/LTR/LARD	92.701	137	8	2	4656	4792	1838	1704	2.10e-50	196
rnd-5_family-798#CLASSI/LTR	D.tristis_nanopore_D2_TRIM_1--newFamily#CLASSI/LTR/TRIM	83.645	214	26	5	288	501	3004	3208	2.71e-49	193
rnd-5_family-1520_unconfirmed#CLASSII/TIR	D.tristis_nanopore_D2_MITE_29--newFamily#CLASSII/MITE	100.000	1052	0	0	1	1052	1	1052	0.0	1943
rnd-5_family-680_s_2#CLASSI	D.tristis_nanopore_D2_CR1_5--newFamily#CLASSI/LINE/CR1	100.000	2000	0	0	1732	3731	1	2000	0.0	3694
rnd-5_family-680_s_2#CLASSI	CR1-1_DPer#CLASSI/LINE/CR1	93.788	821	34	6	2008	2812	3002	2183	0.0	1218
rnd-5_family-680_s_2#CLASSI	D.tristis_nanopore_D2_MITE_20--newFamily#CLASSII/MITE	90.347	404	26	7	1345	1736	127	529	2.25e-147	518
rnd-5_family-680_s_2#CLASSI	D.tristis_nanopore_D2_HELITRON_11--newFamily#CLASSII/HELITRON	91.667	60	4	1	3927	3985	226	167	3.50e-16	82.4
rnd-5_family-680_s_2#CLASSI	FBte0000823#CLASSII/MITE	90.000	60	5	1	3927	3985	79	20	1.63e-14	76.8
rnd-5_family-680_s_2#CLASSI	D.tristis_nanopore_D2_HELITRON_13--newFamily#CLASSII/HELITRON	88.333	60	6	1	3927	3985	915	856	7.57e-13	71.3
rnd-5_family-680_s_2#CLASSI	D.tristis_nanopore_D2_LARD_2--newFamily#CLASSI/LTR/LARD	86.154	65	9	0	3921	3985	87	23	7.57e-13	71.3
rnd-5_family-680_s_2#CLASSI	D.tristis_nanopore_D2_HELITRON_8--newFamily#CLASSII/HELITRON	88.333	60	6	1	3927	3985	961	902	7.57e-13	71.3
rnd-5_family-1514#CLASSI/LINE	D.tristis_nanopore_D2_L2_3--newFamily#CLASSI/LINE/L2	100.000	3703	0	0	1	3703	1	3703	0.0	6839
rnd-5_family-13928_unconfirmed#CLASSI/LTR	D.tristis_nanopore_D2_MITE_16--newFamily#CLASSII/MITE	89.803	304	21	7	3759	4060	525	230	8.39e-106	381
rnd-5_family-2434_unconfirmed#CLASSII/TIR	D.tristis_nanopore_D2_JOCKEY_3--newFamily#CLASSI/LINE/JOCKEY	100.000	411	0	0	1	411	411	1	0.0	760
rnd-5_family-2434_unconfirmed#CLASSII/TIR	D.tristis_nanopore_D2_HELITRON_12--newFamily#CLASSII/HELITRON	88.991	218	19	2	2241	2458	551	763	4.22e-72	268
rnd-5_family-2434_unconfirmed#CLASSII/TIR	D.tristis_nanopore_D2_TRIM_1--newFamily#CLASSI/LTR/TRIM	75.967	362	69	13	2968	3323	36	385	1.22e-42	171
rnd-5_family-2434_unconfirmed#CLASSII/TIR	D.tristis_nanopore_D2_MITE_3--newFamily#CLASSII/MITE	95.918	98	4	0	3260	3357	522	425	2.65e-39	159
rnd-5_family-2434_unconfirmed#CLASSII/TIR	D.tristis_nanopore_D2_HELITRON_11--newFamily#CLASSII/HELITRON	71.676	346	81	12	2842	3180	2141	1806	4.53e-22	102
rnd-5_family-11608_unconfirmed#CLASSII/TIR	D.tristis_nanopore_D2_MITE_30--newFamily#CLASSII/MITE	100.000	381	0	0	1	381	1	381	0.0	704
rnd-5_family-2386_unconfirmed#CLASSI/LTR	D.tristis_nanopore_D2_TRIM_1--newFamily#CLASSI/LTR/TRIM	99.884	8586	4	6	1178	9758	9085	501	0.0	15795
rnd-5_family-2386_unconfirmed#CLASSI/LTR	D.tristis_nanopore_D2_CMC_1--newFamily#CLASSII/TIR/CMC	88.631	431	31	13	44	459	2	429	2.70e-144	508
rnd-5_family-2386_unconfirmed#CLASSI/LTR	D.tristis_nanopore_D2_HELITRON_11--newFamily#CLASSII/HELITRON	85.973	221	23	6	5104	5322	1799	2013	8.42e-65	244
rnd-5_family-2386_unconfirmed#CLASSI/LTR	D.tristis_nanopore_D2_HELITRON_13--newFamily#CLASSII/HELITRON	84.932	219	28	2	2370	2584	1196	1413	1.83e-56	217
rnd-5_family-2386_unconfirmed#CLASSI/LTR	FBte0000823_2#CLASSII/TIR	84.475	219	29	2	2370	2584	46	263	8.54e-55	211
rnd-5_family-2386_unconfirmed#CLASSI/LTR	FBte0000823#CLASSII/MITE	83.700	227	20	8	2156	2365	24	250	6.65e-51	198
rnd-5_family-2386_unconfirmed#CLASSI/LTR	D.tristis_nanopore_D2_HELITRON_8--newFamily#CLASSII/HELITRON	91.667	132	10	1	2156	2286	906	1037	6.69e-46	182
rnd-5_family-2386_unconfirmed#CLASSI/LTR	D.tristis_nanopore_D2_LARD_2--newFamily#CLASSI/LTR/LARD	81.938	227	24	4	2156	2365	1765	1991	3.11e-44	176
rnd-5_family-2386_unconfirmed#CLASSI/LTR	D.tristis_nanopore_D2_LARD_3--newFamily#CLASSI/LTR/LARD	90.826	109	10	0	2156	2264	1730	1838	2.44e-35	147
rnd-5_family-1661_s_1_unconfirmed#CLASSI/LTR	D.tristis_nanopore_D2_LARD_3--newFamily#CLASSI/LTR/LARD	100.000	5399	0	0	1	5399	1	5399	0.0	9971
rnd-5_family-1661_s_1_unconfirmed#CLASSI/LTR	D.tristis_nanopore_D2_HELITRON_13--newFamily#CLASSII/HELITRON	96.350	137	3	2	1704	1838	832	968	6.06e-59	224
rnd-5_family-1661_s_1_unconfirmed#CLASSI/LTR	D.tristis_nanopore_D2_HELITRON_8--newFamily#CLASSII/HELITRON	95.683	139	3	3	1703	1838	876	1014	7.84e-58	220
rnd-5_family-1661_s_1_unconfirmed#CLASSI/LTR	D.tristis_nanopore_D2_HELITRON_11--newFamily#CLASSII/HELITRON	94.891	137	5	2	1704	1838	143	279	1.31e-55	213
rnd-5_family-1661_s_1_unconfirmed#CLASSI/LTR	D.tristis_nanopore_D2_LARD_1--newFamily#CLASSI/LTR/LARD	93.617	141	7	2	5058	5196	762	622	1.70e-54	209
rnd-5_family-1661_s_1_unconfirmed#CLASSI/LTR	FBte0000823#CLASSII/MITE	95.455	132	4	2	1709	1838	1	132	1.70e-54	209
rnd-5_family-1661_s_1_unconfirmed#CLASSI/LTR	D.tristis_nanopore_D2_LARD_2--newFamily#CLASSI/LTR/LARD	93.431	137	7	2	1704	1838	1737	1873	2.84e-52	202
rnd-5_family-1661_s_1_unconfirmed#CLASSI/LTR	D.tristis_nanopore_D2_TRIM_1--newFamily#CLASSI/LTR/TRIM	90.179	112	11	0	5085	5196	3208	3097	1.35e-35	147
rnd-5_family-1661_s_1_unconfirmed#CLASSI/LTR	D.tristis_nanopore_D2_CR1_4--newFamily#CLASSI/LINE/CR1	98.630	73	1	0	1591	1663	4229	4301	1.36e-30	130
rnd-5_family-9077#CLASSI/LTR	D.tristis_nanopore_D2_HELITRON_13--newFamily#CLASSII/HELITRON	94.428	664	24	6	704	1366	828	1479	0.0	1011
rnd-5_family-9077#CLASSI/LTR	D.tristis_nanopore_D2_HELITRON_11--newFamily#CLASSII/HELITRON	94.540	641	32	2	3259	3896	924	1564	0.0	990
rnd-5_family-9077#CLASSI/LTR	FBte0000823#CLASSII/MITE	94.479	634	31	3	6	636	1	633	0.0	981
rnd-5_family-9077#CLASSI/LTR	D.tristis_nanopore_D2_LARD_2--newFamily#CLASSI/LTR/LARD	92.488	639	35	7	1	636	1737	2365	0.0	902
rnd-5_family-9077#CLASSI/LTR	D.tristis_nanopore_D2_LARD_1--newFamily#CLASSI/LTR/LARD	98.377	493	7	1	2269	2761	2058	2549	0.0	865
rnd-5_family-9077#CLASSI/LTR	D.tristis_nanopore_D2_HELITRON_8--newFamily#CLASSII/HELITRON	89.540	631	35	12	1	629	3666	4267	0.0	771
rnd-5_family-9077#CLASSI/LTR	BEL-3_DYa-I#CLASSI/LTR	93.913	460	21	6	2697	3150	5859	5401	0.0	688
rnd-5_family-9077#CLASSI/LTR	FBte0000823_2#CLASSII/TIR	96.049	329	13	0	308	636	1	329	5.27e-153	536
rnd-5_family-9077#CLASSI/LTR	FBte0000823_3#CLASSI/LTR	93.578	327	18	3	3553	3879	11	334	1.94e-137	484
rnd-5_family-9077#CLASSI/LTR	D.tristis_nanopore_D2_HELITRON_10--newFamily#CLASSII/HELITRON	81.798	445	43	22	1502	1919	1115	682	1.60e-93	339
rnd-5_family-9077#CLASSI/LTR	D.tristis_nanopore_D2_HELITRON_7--newFamily#CLASSII/HELITRON	86.611	239	24	5	188	425	1005	1236	4.60e-69	257
rnd-5_family-9077#CLASSI/LTR	D.tristis_nanopore_D2_LARD_3--newFamily#CLASSI/LTR/LARD	95.652	138	4	2	707	844	1703	1838	6.03e-58	220
rnd-5_family-9077#CLASSI/LTR	D.tristis_nanopore_D2_TRIM_1--newFamily#CLASSI/LTR/TRIM	81.778	225	35	3	3614	3836	2994	2774	7.92e-47	183
rnd-5_family-9077#CLASSI/LTR	D.tristis_nanopore_D2_GYPSY_3--newFamily#CLASSI/LTR/GYPSY	97.368	76	2	0	3897	3972	404	329	1.05e-30	130
